t,AccX,AccY,AccZ,GyroX,GyroY,GyroZ,Roll_deg,Pitch_deg,Yaw_deg,Ax_w,Ay_w,Az_w,VelX,VelY,VelZ,PosX,PosY,PosZ,|a_body|,|a_world|
0.0,5.061,2.533,7.992,0.19208,-0.27942,-0.18256,16.232,-35.75,-160.768,-4.2623382461854185,-2.454692686260206,-1.354407107140928,0.0,0.0,0.0,0.0,0.0,0.0,9.792950219418048,5.101711685380525
0.01,5.061,2.533,7.992,0.19208,-0.27942,-0.18256,16.166,-35.728,-160.765729088,-4.246343808410106,-2.4656053551966592,-1.3310578913399282,-0.042463438084101066,-0.024656053551966595,-0.013310578913399283,-0.00042463438084101065,-0.00024656053551966594,-0.00013310578913399283,9.792950219418048,5.087470945066476
0.02,4.98,2.447,8.131,0.19208,-0.27942,-0.18256,16.106,-35.706,-160.76345817600003,-4.233282123073147,-2.4777690134424075,-1.3111315508347479,-0.08479625931483253,-0.04943374368639067,-0.026421894421746764,-0.001272596973989336,-0.0007408979723835727,-0.0003973247333514605,9.843849348705008,5.077310583478264
0.03,4.98,2.447,8.131,0.19208,-0.27942,-0.18256,16.040000000000003,-35.695,-160.76118726400003,-4.223008953673614,-2.490966994057654,-1.2943665366968211,-0.12702634885156866,-0.07434341362696721,-0.03936555978871498,-0.0025428604625050226,-0.001484332108653245,-0.0007909803312386103,9.843849348705008,5.070907800346271
0.04,4.827,2.61,8.102,0.19208,-0.27942,-0.18256,15.980000000000002,-35.689,-160.759116352,-4.215380063710583,-2.5049826301026017,-1.2805012999975827,-0.1691801494886745,-0.09939323992799323,-0.052170572788690805,-0.004234661957391767,-0.0024782645079331773,-0.0013126860591255183,9.785419408487304,5.067943432788086
0.05,4.827,2.61,8.102,0.19208,-0.27942,-0.18256,15.919000000000002,-35.7,-160.75706544000002,-4.210251216683127,-2.519599254637454,-1.2692742918084674,-0.21128266165550577,-0.12458923247436778,-0.06486331570677548,-0.006347488573946825,-0.003724156832676855,-0.001961319216193273,9.785419408487304,5.068101512341406
0.06,4.985,2.614,8.083,0.19208,-0.27942,-0.18256,15.858999999999998,-35.722,-160.755114528,-4.20747817609032,-2.5346002007224135,-1.2604239632009098,-0.253357443416409,-0.1499352344815919,-0.07746755533878458,-0.008881063008110915,-0.005223509177492774,-0.0027359947695811187,9.849777154839597,5.071068856443335
0.07,4.985,2.614,8.083,0.19208,-0.27942,-0.18256,15.787000000000003,-35.755,-160.75318361600003,-4.206916705431237,-2.549768801417684,-1.2536887652463444,-0.29542661047072133,-0.17543292249576875,-0.09000444299124802,-0.011835329112818128,-0.006977838402450462,-0.003636039199493599,9.849777154839597,5.07653470659113
0.08,5.148,2.466,8.131,0.19208,-0.27942,-0.18256,15.720999999999998,-35.777,-160.75123270400005,-4.20842256820495,-2.564888389783468,-1.248807149016206,-0.33751083615277083,-0.20108180639360343,-0.10249251448141009,-0.015210437474345837,-0.008988656466386497,-0.0046609643443077,9.934597173514385,5.084190423268661
0.09,5.148,2.466,8.131,0.19208,-0.27942,-0.18256,15.65,-35.788,-160.74906179200002,-4.211851527910536,-2.5797422988799688,-1.2455175655819293,-0.3796293514318762,-0.22687922938240312,-0.11494769013722939,-0.0190067309886646,-0.011257448760210528,-0.005810441245679993,9.934597173514385,5.093729245647628
0.1,5.061,2.634,8.03,0.19208,-0.27942,-0.18256,15.573,-35.793,-160.74679088000002,-4.2170593480470675,-2.594113861767389,-1.2435584660149486,-0.4217999449123469,-0.252820368000077,-0.12738327479737888,-0.02322473043778807,-0.013785652440211299,-0.007084273993653782,9.850511509561318,5.10484612218256
0.11,5.061,2.634,8.03,0.19208,-0.27942,-0.18256,15.496,-35.793,-160.744299968,-4.22390179211362,-2.607786411505933,-1.2426683013866988,-0.4640389628334831,-0.2788982321151363,-0.13980995781124586,-0.0278651200661229,-0.01657463476136266,-0.00848237357176624,9.850511509561318,5.117237616598133
0.12,5.057,2.557,8.126,0.19208,-0.27942,-0.18256,15.419,-35.793,-160.74200905600003,-4.23223462360926,-2.6205432811557987,-1.2425855227686122,-0.5063613090695758,-0.3051036649266943,-0.152235813038932,-0.03292873315681866,-0.019625671410629604,-0.01000473170215556,9.906733770521948,5.1306018924763555
0.13,5.057,2.557,8.126,0.19208,-0.27942,-0.18256,15.342,-35.799,-160.739858144,-4.24224670686954,-2.634508788915995,-1.24682750621072,-0.5487837761382712,-0.33144875281585423,-0.1647040881010392,-0.03841657091820137,-0.022940158938788147,-0.011651772583165953,9.906733770521948,5.147025598446614
0.14,5.028,2.567,8.207,0.19208,-0.27942,-0.18256,15.271000000000003,-35.81,-160.73778723200002,-4.261911774569831,-2.642273655869974,-1.2489895711120185,-0.5914028938839695,-0.357871489374554,-0.1771939838121594,-0.04433059985704107,-0.026518873832533686,-0.013423712421287547,9.9611807533043,5.167734222603561
0.15,5.028,2.567,8.207,0.19208,-0.27942,-0.18256,15.194000000000003,-35.832,-160.73573632000006,-4.2812134859001345,-2.6419063641515725,-1.244914476020477,-0.6342150287429709,-0.38429055301606974,-0.18964312857236415,-0.05067275014447078,-0.030361779362694383,-0.015320143707011189,9.9611807533043,5.182496522083069
0.16,5.167,2.523,8.174,0.22134,-0.27502,-0.18213,15.127999999999998,-35.859,-160.73390119400003,-4.300769515555832,-2.645502839405338,-1.2443802854386308,-0.6772227238985292,-0.41074558141012313,-0.20208693142675047,-0.05744497738345607,-0.034469235176795614,-0.017341013021278693,9.993882829010953,5.200364025145199
0.17,5.167,2.523,8.174,0.22134,-0.27502,-0.18213,15.062,-35.892,-160.73228606800004,-4.306736902438365,-2.6515089861178383,-1.2416346652893417,-0.7202900929229129,-0.4372606712713015,-0.2145032780796439,-0.0646478783126852,-0.03884184188950863,-0.019486045802075132,9.993882829010953,5.207700000224305
0.18,5.162,2.543,8.092,0.22134,-0.27502,-0.18213,15.002,-35.925,-160.730650942,-4.307311556102583,-2.6535119857933527,-1.24012134636561,-0.7633632084839388,-0.4637957911292351,-0.2269044915433,-0.07228151039752459,-0.04347979980080098,-0.021755090717508134,9.929428835537319,5.2088347692929835
0.19,5.162,2.543,8.092,0.22134,-0.27502,-0.18213,14.952,-35.964,-160.72925581599998,-4.31351873752618,-2.658380526927691,-1.236709665900654,-0.8064983958592006,-0.490379596398512,-0.23927158820230654,-0.0803464943561166,-0.0483835957647861,-0.0241478065995312,9.929428835537319,5.215638189394459
0.2,5.157,2.466,8.083,0.22134,-0.27502,-0.18213,14.914,-35.997,-160.72786069,-4.3135396148359835,-2.6575669594898645,-1.229675717304469,-0.8496337920075604,-0.5169552659934106,-0.2515683453753512,-0.0888428322761922,-0.053553148424720205,-0.02666349005328471,9.900035050443003,5.21357732489505
0.21,5.157,2.466,8.083,0.22134,-0.27502,-0.18213,14.881,-36.024,-160.726445564,-4.327736494589556,-2.652908889294375,-1.219859819686222,-0.8929111569534559,-0.5434843548863544,-0.2637669435722134,-0.09777194384572677,-0.05898799197358375,-0.029301159489006846,9.900035050443003,5.220659605948689
0.22,5.229,2.466,8.126,0.22134,-0.27502,-0.18213,14.843000000000002,-36.046,-160.72517043799996,-4.344788737747029,-2.6479678744606874,-1.2079270309375791,-0.9363590443309262,-0.5699640336309613,-0.2758462138815892,-0.10713553428903602,-0.06468763230989337,-0.032059621627822735,9.972736485037595,5.229532555773885
0.23,5.229,2.466,8.126,0.22134,-0.27502,-0.18213,14.804,-36.063,-160.72375531199998,-4.354974913851164,-2.653618467183393,-1.2001298008214758,-0.9799087934694378,-0.5965002183027952,-0.28784751188980395,-0.1169346222237304,-0.07065263449292132,-0.03493809674672078,9.972736485037595,5.239065661782594
0.24,5.306,2.418,8.236,0.22134,-0.27502,-0.18213,14.766000000000002,-36.068,-160.72246018599998,-4.359532303186997,-2.656470375142323,-1.1983392759448694,-1.0235041165013077,-0.6230649220542185,-0.29983090464925266,-0.12716966338874347,-0.07688328371346351,-0.03793640579321331,10.091187046130896,5.243889184261219
0.25,5.306,2.418,8.236,0.22134,-0.27502,-0.18213,14.727000000000002,-36.074,-160.72118505999998,-4.367399800048078,-2.659398461663977,-1.1902943390770155,-1.0671781145017885,-0.6496589066708582,-0.3117338480400228,-0.13784144453376135,-0.08337987278017209,-0.04105374427361354,10.091187046130896,5.250083980756833
0.26,5.253,2.543,8.159,0.22134,-0.27502,-0.18213,14.689000000000002,-36.079,-160.71998993399995,-4.374336074349412,-2.6643678267235624,-1.1891529075668534,-1.1109214752452825,-0.6763025849380939,-0.32362537711569134,-0.14895065928621418,-0.09014289862955302,-0.04428999804477045,10.031457471374736,5.258113411196925
0.27,5.253,2.543,8.159,0.22134,-0.27502,-0.18213,14.656000000000002,-36.085,-160.71891480799997,-4.380448219857626,-2.672876649814705,-1.1766198628754834,-1.1547259574438589,-0.703031351436241,-0.33539157574444617,-0.16049791886065276,-0.09717321214391543,-0.04764391380221491,10.031457471374736,5.264696619340154
0.28,5.229,2.442,8.26,0.22134,-0.27502,-0.18213,14.628000000000002,-36.09000000000001,-160.71785968199995,-4.38496047699832,-2.685458378636697,-1.1644169070395611,-1.198575562213842,-0.7298859352226079,-0.3470357448148418,-0.17248367448279117,-0.10447207149614152,-0.05111427125036333,10.076378565734814,5.272137310581634
0.29,5.229,2.442,8.26,0.22134,-0.27502,-0.18213,14.601000000000003,-36.09000000000001,-160.71688455599997,-4.398947577513981,-2.70241172728244,-1.1455944667944535,-1.2425650379889819,-0.7569100524954323,-0.3584916894827863,-0.184909324862681,-0.11204117202109584,-0.054699188145191195,10.076378565734814,5.288303661460814
0.3,5.258,2.476,8.317,0.22134,-0.27502,-0.18213,14.579000000000002,-36.101,-160.71604942999994,-4.405805361710628,-2.7237999922591545,-1.125191858790572,-1.2866230916060881,-0.7841480524180239,-0.369743608070692,-0.19777555577874187,-0.11988265254527608,-0.058396624225898114,10.146409660564666,5.300590910662477
0.31,5.258,2.476,8.317,0.22134,-0.27502,-0.18213,14.562,-36.123,-160.7152943039999,-4.416260957591596,-2.7496922305742286,-1.1011592046018652,-1.3307857011820041,-0.8116449747237662,-0.38075520011671066,-0.21108341279056192,-0.12799910229251374,-0.06220417622706522,10.146409660564666,5.317585899852256
0.32,5.373,2.547,8.274,0.22134,-0.27502,-0.18213,14.54,-36.145,-160.7146591779999,-4.431115338041301,-2.776740060765338,-1.0671951445481132,-1.3750968545624171,-0.8394123753314195,-0.39142715156219177,-0.22483438133618608,-0.13639322604582793,-0.06611844774268714,10.188984934722397,5.337037940714965
0.33,5.373,2.547,8.274,0.22134,-0.27502,-0.18213,14.524,-36.178,-160.71424405199988,-4.449173245586043,-2.8012708286968055,-1.0320099545087762,-1.4195885870182776,-0.8674250836183877,-0.40174725110727955,-0.23903026720636886,-0.1450674768820118,-0.07013592025375993,10.188984934722397,5.357919873528489
0.34,5.392,2.547,8.26,0.22134,-0.27502,-0.18213,14.507,-36.205,-160.7138489259999,-4.461422193839945,-2.8233485895923307,-0.9801985169678855,-1.464202808956677,-0.895658569514311,-0.4115492362769584,-0.2536722952959356,-0.1540240625771549,-0.07425141261652951,10.187662783975528,5.369951059619321
0.35000000000000003,5.392,2.547,8.26,0.22134,-0.27502,-0.18213,14.491,-36.233,-160.71353379999988,-4.48186416171216,-2.847448071264256,-0.9322716832689728,-1.5090214505737987,-0.9241330502269536,-0.4208719531096481,-0.2687625098016736,-0.16326539307942442,-0.078460132147626,10.187662783975528,5.391122088583372
0.36,5.54,2.648,8.337,0.22134,-0.27502,-0.18213,14.473999999999998,-36.24900000000001,-160.71333867399989,-4.503765894820696,-2.8793112061464994,-0.881415117792148,-1.5540591095220055,-0.9529261622884185,-0.4296861042875696,-0.28430310089689365,-0.1727946547023086,-0.0827569931905017,10.354181425878146,5.417677811301021
0.37,5.54,2.648,8.337,0.22134,-0.27502,-0.18213,14.458,-36.266,-160.7130435479999,-4.535723865214508,-2.9045267906343017,-0.8343047875939432,-1.5994163481741506,-0.9819714301947615,-0.438029152163509,-0.30029726437863513,-0.1826143690042562,-0.08713728471213679,10.354181425878146,5.450241401772128
0.38,5.598,2.705,8.509,0.22134,-0.27502,-0.18213,14.447,-36.277,-160.71306842199988,-4.584282696184896,-2.9357986255820236,-0.7850830172735043,-1.6452591751359995,-1.0113294164505817,-0.44587998233624404,-0.3167498561299951,-0.19272766316876203,-0.09159608453549922,10.538392192360275,5.500083340506835
0.39,5.598,2.705,8.509,0.22134,-0.27502,-0.18213,14.442,-36.288,-160.71309329599987,-4.623858489970014,-2.9637709107531247,-0.7534484703072679,-1.6914977600356997,-1.040967125558113,-0.4534144670393167,-0.3336648337303521,-0.20313733442434315,-0.09613022920589238,10.538392192360275,5.543617045224403
0.4,5.622,2.72,8.653,0.22134,-0.27502,-0.18213,14.442,-36.31000000000001,-160.71355816999986,-4.6744184013085475,-2.99026601452159,-0.7197701250976748,-1.7382419440487853,-1.070869785703329,-0.46061216829029344,-0.35104725317083996,-0.21384603228137644,-0.10073635088879532,10.671442873388772,5.595529220822451
0.41000000000000003,5.622,2.72,8.653,0.22134,-0.27502,-0.18213,14.447,-36.332,-160.71402304399987,-4.714369954310179,-2.996502805309954,-0.7026824829136985,-1.7853856435918871,-1.1008348137564286,-0.4676389931194304,-0.3689011096067588,-0.22485438041894074,-0.10541274081998962,10.671442873388772,5.630104421778227
0.42,5.784,2.658,8.782,0.22134,-0.27502,-0.18213,14.479999999999999,-36.35900000000001,-160.71526791799985,-4.761966114022391,-2.992681882430132,-0.7035202081928652,-1.833005304732111,-1.13076163258073,-0.47467419520135906,-0.3872311626540799,-0.23616199674474803,-0.11015948277200321,10.846342424983641,5.668104339535292
0.43,5.784,2.658,8.782,0.24728,-0.27524,-0.18539,14.513,-36.381,-160.71642473999984,-4.791898838492804,-2.9754638040355212,-0.7195653279551351,-1.8809242931170391,-1.1605162706210852,-0.4818698484809104,-0.4060404055852503,-0.24776715945095887,-0.11497818125681232,10.846342424983641,5.6862512773064635
0.44,5.77,2.682,8.696,0.24728,-0.27524,-0.18539,14.589999999999998,-36.42000000000001,-160.71834156199986,-4.8208587913575425,-2.941558326145877,-0.750612312541287,-1.9291328810306145,-1.189931853882544,-0.4893759716063233,-0.42533173439555644,-0.2596664779897843,-0.11987194097287555,10.775269834208329,5.697092566920957
0.45,5.77,2.682,8.696,0.24728,-0.27524,-0.18539,14.660999999999998,-36.458,-160.72037838399987,-4.8318985407392505,-2.90324178972425,-0.800756655292824,-1.977451866438007,-1.2189642717797866,-0.4973835381592515,-0.4451062530599365,-0.2718561207075822,-0.12484577635446807,10.775269834208329,5.693616391942393
0.46,5.909,2.629,8.38,0.24728,-0.27524,-0.18539,14.776999999999997,-36.48,-160.72285520599988,-4.827509506071821,-2.8578344843817414,-0.8649282457030038,-2.025726961498725,-1.247542616623604,-0.5060328206162815,-0.46536352267492376,-0.28433154687381823,-0.1299061045606309,10.585476937767142,5.6762810749248604
0.47000000000000003,5.909,2.629,8.38,0.24728,-0.27524,-0.18539,14.886000000000001,-36.508,-160.72533202799985,-4.803481881998124,-2.80349862109182,-0.9463519403683743,-2.0737617803187063,-1.2755776028345223,-0.5154963400199652,-0.4861011404781108,-0.29708732290216344,-0.13506106796083056,10.585476937767142,5.641686335147228
0.48,5.88,2.442,8.226,0.24728,-0.27524,-0.18539,15.024,-36.453,-160.7278088499999,-4.75958144211658,-2.7431356624297796,-1.0379979870295704,-2.121357594739872,-1.3030089594588201,-0.525876319890261,-0.5073147164255095,-0.3101174124967516,-0.14031983115973318,10.402155545847217,5.590693032863819
0.49,5.88,2.442,8.226,0.24728,-0.27524,-0.18539,15.161,-36.403,-160.7301856719999,-4.70638204504989,-2.683592509098448,-1.1383328609972274,-2.168421415190371,-1.3298448845498045,-0.5372596485002332,-0.5289989305774132,-0.32341586134224964,-0.1456924276447355,10.402155545847217,5.536018642606202
0.5,5.55,2.274,8.049,0.24728,-0.27524,-0.18539,15.314999999999998,-36.255,-160.73188249399988,-4.641610537007776,-2.605811015228055,-1.2505169900045743,-2.2148375205604487,-1.355902994702085,-0.549764818400279,-0.5511473057830177,-0.3369748912892705,-0.15119007582873828,10.037926927408865,5.467960512534412
0.51,5.55,2.274,8.049,0.24728,-0.27524,-0.18539,15.469000000000001,-36.118,-160.7335993159999,-4.56763628116901,-2.534327362704737,-1.3588704954274162,-2.260513883372139,-1.3812462683291324,-0.5633535233545531,-0.5737524446167391,-0.35078735397256183,-0.15682361106228382,10.037926927408865,5.397466572545731
0.52,5.191,2.188,7.724,0.24728,-0.27524,-0.18539,15.639,-35.942,-160.73507613799993,-4.491445795126912,-2.4631085263265526,-1.478773181749637,-2.3054283413234082,-1.405877353592398,-0.5781412551720495,-0.5968067280299733,-0.36484612750848583,-0.1626050236140043,9.560020972780343,5.331675071315555
0.53,5.191,2.188,7.724,0.24728,-0.27524,-0.18539,15.803999999999998,-35.766,-160.7365729599999,-4.405634036307409,-2.3996639208213946,-1.5844805366699117,-2.3494846816864823,-1.4298739928006121,-0.5939860605387486,-0.6203015748468381,-0.37914486743649195,-0.1685448842193918,9.560020972780343,5.2610433153366065
0.54,4.808,2.236,7.681,0.24728,-0.27524,-0.18539,15.962999999999997,-35.607,-160.7379497819999,-4.313491200728775,-2.336871739432284,-1.6838013198300805,-2.39261959369377,-1.453242710194935,-0.6108240737370494,-0.6442277707837758,-0.3936772945384413,-0.17465312495676227,9.333505290082607,5.186748764879918
0.55,4.808,2.236,7.681,0.24728,-0.27524,-0.18539,16.122,-35.447,-160.73942660399993,-4.226349818932538,-2.285269018988778,-1.7613449191415138,-2.4348830918830955,-1.4760954003848228,-0.6284375229284646,-0.6685766017026068,-0.40843824854228955,-0.18093750018604693,9.333505290082607,5.117306245020583
0.56,4.515,2.385,7.604,0.24728,-0.27524,-0.18539,16.276,-35.354,-160.7409234259999,-4.1261819423157515,-2.2441329251424516,-1.8217396733452675,-2.476144911306253,-1.4985367296362473,-0.6466549196619172,-0.6933380508156693,-0.423423615838652,-0.1874040493826661,9.159381310983838,5.037881047051541
0.5700000000000001,4.515,2.385,7.604,0.24728,-0.27524,-0.18539,16.43,-35.255,-160.74252024799992,-4.030058975207201,-2.2188178389267352,-1.8665874760942929,-2.5164455010583247,-1.5207249080255147,-0.6653207944228602,-0.7185025058262526,-0.4386308649189072,-0.19405725732689472,9.159381310983838,4.964743372209654
0.58,4.41,2.365,7.556,0.24728,-0.27524,-0.18539,16.567,-35.217,-160.74421706999993,-3.9259809984204903,-2.2016414413712555,-1.8899329537163803,-2.5557053110425296,-1.5427413224392272,-0.684220123960024,-0.744059558936678,-0.45405827814329947,-0.20089945856649497,9.062806463783721,4.881843750660725
0.59,4.41,2.365,7.556,0.24728,-0.27524,-0.18539,16.705,-35.178,-160.74603389199993,-3.847041337905319,-2.2058404768452093,-1.911966510033979,-2.5941757244215826,-1.5647997272076792,-0.7033397890603638,-0.7700013161808938,-0.46970627541537624,-0.2079328564570986,9.062806463783721,4.829189911396379
0.6,4.41,2.289,7.47,0.24728,-0.27524,-0.18539,16.831,-35.167,-160.74741071399995,-3.783470828924186,-2.225017688472296,-1.9194563021478226,-2.6320104327108247,-1.5870499040924022,-0.722534352081842,-0.7963214205080021,-0.48557677445630026,-0.21515819997791702,8.971539499996641,4.790581146707553
0.61,4.41,2.289,7.47,0.24728,-0.27524,-0.18539,16.952,-35.156,-160.74878753599995,-3.745988920233557,-2.2530952529717645,-1.918984779919856,-2.66947032191316,-1.60958085662212,-0.7417241998810405,-0.8230161237271337,-0.5016725830225215,-0.22257544197672743,8.971539499996641,4.774031189156657
0.62,4.482,2.557,7.417,0.24728,-0.27524,-0.18539,17.045,-35.14,-160.74940435799994,-3.744158288172199,-2.2891275365772654,-1.9030665489308618,-2.706911904794882,-1.6324721319878925,-0.7607548653703492,-0.8500852427750826,-0.5179973043424004,-0.23018299063043093,9.035400489186962,4.7833553553195785
0.63,4.482,2.557,7.417,0.24728,-0.27524,-0.18539,17.144,-35.123,-160.75012117999995,-3.7478907567930797,-2.3273049546774063,-1.88334203225256,-2.7443908123628127,-1.6557451815346667,-0.7795882856928747,-0.8775291508987108,-0.5345547561577471,-0.2379788734873597,9.035400489186962,4.796875096077676
0.64,4.381,2.734,7.561,0.24728,-0.27524,-0.18539,17.205,-35.134,-160.75017800199996,-3.7727047534284206,-2.3683389623297604,-1.8552702581082996,-2.782117859897097,-1.6794285711579642,-0.7981409882739577,-0.9053503294976817,-0.5513490418693267,-0.24596028337009926,9.156234924902265,4.825386857823095
0.65,4.381,2.734,7.561,0.24728,-0.27524,-0.18539,17.265,-35.14,-160.75023482399996,-3.7960648117106057,-2.4147195669379493,-1.8351188266423153,-2.8200785080142032,-1.7035757668273437,-0.8164921765403809,-0.9335511145778237,-0.5683847995376001,-0.2541252051355031,9.156234924902265,4.8588722713771295
0.66,4.396,2.911,7.58,0.24728,-0.27524,-0.18539,17.292,-35.195,-160.75007164599998,-3.81657529910487,-2.4785912726188473,-1.8120411031290595,-2.858244261005252,-1.7283616795535321,-0.8346125875716714,-0.9621335571878762,-0.5856684163331355,-0.2624713310112198,9.233370836265594,4.8982807871608305
0.67,4.396,2.911,7.58,0.24728,-0.27524,-0.18539,17.325,-35.25,-160.74992846799998,-3.83477405795535,-2.541941949457319,-1.782055006509853,-2.8965920015848057,-1.7537810990481053,-0.85243313763677,-0.9910994772037243,-0.6032062273236165,-0.2709956623875875,9.233370836265594,4.9338302561199905
0.68,4.635,2.873,7.609,0.24728,-0.27524,-0.18539,17.331,-35.338,-160.74954528999996,-3.8645203796442233,-2.609069704510011,-1.7420286053869674,-2.935237205381248,-1.7798717960932053,-0.8698534236906397,-1.0204518492575367,-0.6210049452845485,-0.2796941966244939,9.361315879725456,4.977592404934734
0.6900000000000001,4.635,2.873,7.609,0.259,-0.25986,-0.20819,17.336,-35.425,-160.74948555199998,-3.8874664022465377,-2.678352283641486,-1.6991860706182136,-2.974111869403713,-1.8066553189296202,-0.8868452843968218,-1.0501929679515738,-0.6390714984738447,-0.2885626494684621,9.361315879725456,5.017290034118634
0.7000000000000001,4.961,2.887,7.609,0.259,-0.25986,-0.20819,17.314,-35.513,-160.74866581399996,-3.9149373980796898,-2.749895221944093,-1.6454136099009282,-3.0132612433845103,-1.834154271149061,-0.903299420495831,-1.0803255803854188,-0.6574130411853353,-0.2975956436734204,9.53116839637198,5.0592533550120935
0.71,4.961,2.887,7.609,0.259,-0.25986,-0.20819,17.298,-35.596,-160.74796607599993,-3.944287809838028,-2.8124713775580314,-1.594896523572288,-3.0527041214828907,-1.8622789849246413,-0.9192483857315539,-1.1108526216002477,-0.6760358310345816,-0.3067881275307359,9.53116839637198,5.100107498604614
0.72,5.066,2.94,7.681,0.259,-0.25986,-0.20819,17.249,-35.656,-160.74660633799994,-3.981157364581147,-2.867196723325058,-1.5442208655271843,-3.0925156951287023,-1.8909509521578918,-0.9346905943868257,-1.1417777785515346,-0.6949453405561605,-0.3161350334746042,9.659488444011929,5.143447199430959
0.73,5.066,2.94,7.681,0.259,-0.25986,-0.20819,17.205,-35.717,-160.74524659999994,-4.022408530699847,-2.907740025156313,-1.5038247430361054,-3.132739780435701,-1.9200283524094548,-0.9497288418171868,-1.1731051763558917,-0.7141456240802551,-0.3256323218927761,9.659488444011929,5.186155734213016
0.74,4.942,3.17,7.685,0.259,-0.25986,-0.20819,17.15,-35.793,-160.74376686199992,-4.067215811375735,-2.9428253573599976,-1.4696771472892731,-3.1734119385494584,-1.9494566059830547,-0.9644256132900795,-1.2048392957413863,-0.7336401901400856,-0.3352765780256769,9.671167923265525,5.230909716052277
0.75,4.942,3.17,7.685,0.259,-0.25986,-0.20819,17.1,-35.865,-160.74228712399992,-4.110888883912647,-2.9798186407936473,-1.4424173333391346,-3.214520827388585,-1.9792547923909911,-0.9788497866234708,-1.236984504015272,-0.7534327380639956,-0.3450650758919116,9.671167923265525,5.278190439100795
0.76,4.999,3.385,7.762,0.259,-0.25986,-0.20819,17.034,-35.991,-160.74136738599992,-4.155310401345591,-3.006306229316234,-1.4009403052737979,-3.256073931402041,-2.0093178546841535,-0.9928591896762088,-1.2695452433292924,-0.7735259166108371,-0.3549936677886737,9.83345666589323,5.316682745368308
0.77,4.999,3.385,7.762,0.259,-0.25986,-0.20819,16.968,-36.118,-160.74032764799986,-4.186637210768148,-3.0248987809664305,-1.3656425075296934,-3.2979403035097223,-2.0395668424938176,-1.0065156147515057,-1.3025246463643896,-0.7939215850357754,-0.36505882393618877,9.83345666589323,5.342557742135567
0.78,5.306,3.146,7.915,0.259,-0.25986,-0.20819,16.897,-36.266,-160.73950790999987,-4.214359582803176,-3.032293397944633,-1.3176507918389866,-3.340083899337754,-2.0698897764732638,-1.0196921226698956,-1.3359254853577671,-0.814620482800508,-0.37525574516288773,10.034848130390413,5.356475852052119
0.79,5.306,3.146,7.915,0.259,-0.25986,-0.20819,16.831,-36.414,-160.7388081719999,-4.228093515327909,-3.0366325846711595,-1.2918498953149569,-3.382364834491033,-2.1002561023199755,-1.0326106216230453,-1.3697491337026775,-0.8356230438237078,-0.3855818513791182,10.034848130390413,5.363467943473684
0.8,5.373,3.065,7.887,0.259,-0.25986,-0.20819,16.76,-36.541,-160.73776843399983,-4.240810269584176,-3.036153618515866,-1.2564259655939989,-3.4247729371868747,-2.130617638505134,-1.0451748812789852,-1.4039968630745463,-0.8569292202087592,-0.3960336001919081,10.02337882153518,5.364821222077807
0.81,5.373,3.065,7.887,0.259,-0.25986,-0.20819,16.688,-36.667,-160.73684869599984,-4.250678764496133,-3.023980128579924,-1.2559869036898565,-3.467279724831836,-2.1608574397909335,-1.0577347503158838,-1.4386696603228646,-0.8785377946066685,-0.40661094769506695,10.02337882153518,5.365652698342025
0.8200000000000001,5.411,2.931,7.776,0.259,-0.25986,-0.20819,16.628,-36.766,-160.73568895799983,-4.251305316953734,-3.0075283851770447,-1.2752301355972246,-3.509792778001373,-2.190932723642704,-1.070487051671856,-1.4737675881028782,-0.9004471218430955,-0.4173158182117855,9.916443818224353,5.361439711900157
0.8300000000000001,5.411,2.931,7.776,0.259,-0.25986,-0.20819,16.562,-36.865,-160.73454921999985,-4.255553370579699,-2.9821370552470814,-1.3298591271214795,-3.55234831170717,-2.220754094195175,-1.0837856429430708,-1.5092910712199499,-0.9226546627850473,-0.4281536746412162,9.916443818224353,5.36389794870468
0.84,5.363,2.931,7.743,0.259,-0.25986,-0.20819,16.518,-36.958,-160.73362948199983,-4.225596946429662,-2.951695809083733,-1.41443004382196,-3.594604281171467,-2.2502710522860125,-1.0979299433812904,-1.5452371140316645,-0.9451573733079074,-0.4391329740750291,9.864409713713233,5.344978021648391
0.85,5.363,2.931,7.743,0.259,-0.25986,-0.20819,16.469,-37.051,-160.73268974399983,-4.201855082823603,-2.908200390552781,-1.5225787436339613,-3.636622831999703,-2.2793530561915403,-1.1131557308176299,-1.5816033423516616,-0.9679509038698227,-0.4502645313832054,9.864409713713233,5.332116060179849
0.86,5.286,2.792,7.772,0.259,-0.25986,-0.20819,16.447,-37.172,-160.7322100059998,-4.191047043041372,-2.8367876736256705,-1.649249120361864,-3.678533302430117,-2.307720932927797,-1.1296482220212485,-1.6183886753759626,-0.9910281131991007,-0.4615610136034179,9.805153950856662,5.3228058656346615
0.87,5.286,2.792,7.772,0.259,-0.25986,-0.20819,16.425,-37.293,-160.7317302679998,-4.1614111601736985,-2.769117193353391,-1.7941940073774707,-3.7201474140318536,-2.335412104861331,-1.1475901620950233,-1.6555901495162813,-1.014382234247714,-0.47303691522436814,9.805153950856662,5.31078949033501
0.88,5.224,2.662,7.331,0.259,-0.25986,-0.20819,16.425,-37.452,-160.7317905299998,-4.122987487387402,-2.6925059442851427,-1.9557823523703044,-3.7613772889057278,-2.3623371643041824,-1.1671479856187263,-1.6932039224053386,-1.0380056058907559,-0.4847083950805554,9.387224350147386,5.298461917481999
0.89,5.224,2.662,7.331,0.259,-0.25986,-0.20819,16.419,-37.612,-160.73173079199978,-4.072199773339269,-2.630915591244561,-2.120770188463003,-3.8020992866391206,-2.388646320216628,-1.1883556875033563,-1.7312249152717298,-1.061892069092922,-0.496591951955589,9.387224350147386,5.291709934842566
0.9,5.114,2.533,6.79,0.259,-0.25986,-0.20819,16.441,-37.82,-160.73235105399976,-4.008684827612131,-2.581866473740085,-2.276839881281088,-3.842186134915242,-2.4144649849540287,-1.2111240863161672,-1.7696467766208823,-1.0860367189424625,-0.5087031928187506,8.869790583773666,5.283898975221124
0.91,5.114,2.533,6.79,0.259,-0.25986,-0.20819,16.463,-38.024,-160.73297131599975,-3.959862803533764,-2.527607634638409,-2.432025840316785,-3.8817847629505797,-2.439741061300413,-1.235444344719335,-1.8084646242503881,-1.1104341295554665,-0.521057636265944,8.869790583773666,5.2899965468288555
0.92,4.798,2.356,6.153,0.259,-0.25986,-0.20819,16.507,-38.287,-160.73401157799978,-3.884023240949932,-2.492402721646602,-2.6202900989695634,-3.920624995360079,-2.464665088516879,-1.2616472457090306,-1.847670874203989,-1.1350807804406353,-0.5336741087230343,8.150518327075892,5.3069414982519385
0.93,4.798,2.356,6.153,0.259,-0.25986,-0.20819,16.551,-38.557,-160.73517183999974,-3.8217585052659486,-2.4510138364115264,-2.7901749898972215,-3.9588425804127385,-2.489175226880994,-1.2895489956080028,-1.8872593000081164,-1.1599725327094452,-0.5465695986791144,8.150518327075892,5.329013358315151
0.9400000000000001,4.602,2.16,5.928,0.259,-0.25986,-0.20819,16.589,-38.897,-160.73667210199972,-3.740981141948609,-2.405840521549588,-2.9464373332579146,-3.9962523918322246,-2.51323363209649,-1.319013368940582,-1.9272218239264387,-1.1851048690304102,-0.5597597323685202,7.809301377203981,5.335213348907533
0.9500000000000001,4.602,2.16,5.928,0.259,-0.25986,-0.20819,16.633000000000003,-39.238,-160.73815236399972,-3.685570020450407,-2.3551689797180213,-3.080014849786989,-4.033108092036729,-2.53678532189367,-1.349813517438452,-1.967552904846806,-1.210472722249347,-0.5732578675429046,7.809301377203981,5.349461540526972
0.96,4.975,1.796,5.928,0.259,-0.25986,-0.20819,16.672,-39.622,-160.7398726259997,-3.6528961329607266,-2.3149480702767464,-3.155475279484924,-4.069637053366336,-2.5599348025964375,-1.3813682702333012,-2.0082492753804693,-1.2360720702753114,-0.5870715502452376,7.944647569275808,5.353471674130528
0.97,4.975,1.796,5.928,0.259,-0.25986,-0.20819,16.71,-40.007,-160.7414728879997,-3.633361353324177,-2.2719866477071164,-3.2096295023348813,-4.105970666899578,-2.582654669073509,-1.41346456525665,-2.049308982049465,-1.2618986169660464,-0.6012061958978041,7.944647569275808,5.353966715758286
0.98,4.841,2.093,5.765,0.259,-0.25986,-0.20819,16.749,-40.424,-160.7428531499997,-3.622386630901509,-2.2290004085859905,-3.220136795863409,-4.142194533208594,-2.604944673159369,-1.4456659332152841,-2.0907309273815513,-1.2879480636976401,-0.6156628552299569,7.813523852910414,5.334736048698563
0.99,4.841,2.093,5.765,0.259,-0.25986,-0.20819,16.782,-40.836,-160.74433341199966,-3.6247941509092954,-2.1767615599640724,-3.208030123741469,-4.178442474717687,-2.6267122887590095,-1.4777462344526988,-2.132515352128728,-1.3142151865852303,-0.6304403175744839,7.813523852910414,5.307436367987483
1.0,4.87,2.203,5.732,0.259,-0.25986,-0.20819,16.804,-41.314,-160.7457136739997,-3.6212142018761204,-2.1231165772033695,-3.169236881334673,-4.214654616736448,-2.647943454531043,-1.5094386032660456,-2.1746618982960926,-1.3406946211305408,-0.6455347036071444,7.837469808554289,5.259741315528453
1.01,4.87,2.203,5.732,0.259,-0.25986,-0.20819,16.82,-41.786,-160.74711393599966,-3.6356353028088515,-2.0692310676589476,-3.132155687759897,-4.251010969764536,-2.6686357652076325,-1.5407601601436447,-2.217172007993738,-1.3673809787826172,-0.6609423052085808,7.837469808554289,5.2258932747198035
1.02,4.803,2.025,5.483,0.259,-0.25986,-0.20819,16.804,-42.336,-160.74793419799965,-3.640094274691512,-2.058878435667747,-3.068261483107088,-4.287411912511451,-2.68922454956431,-1.5714427749747155,-2.2600461271188523,-1.3942732242782603,-0.676656732958328,7.565231192766021,5.186857938118037
1.03,4.803,2.025,5.483,0.259,-0.25986,-0.20819,16.793,-42.885,-160.74877445999965,-3.6658206508562197,-2.0329536997951725,-3.018565838296431,-4.324070119020013,-2.7095540865622616,-1.6016284333576798,-2.3032868283090524,-1.4213687651438829,-0.6926730172919048,7.565231192766021,5.165547551797877
1.04,5.229,1.69,6.211,0.259,-0.25986,-0.20819,16.71,-43.484,-160.74861472199964,-3.705856383766535,-2.0128844470701295,-2.9491146869962903,-4.361128682857679,-2.729682931032963,-1.6311195802276428,-2.346898115137629,-1.4486655944542126,-0.7089842130941812,8.293073133645935,5.14610073467448
1.05,5.229,1.69,6.211,0.259,-0.25986,-0.20819,16.622,-44.083,-160.7484549839996,-3.7488387698377688,-1.9689314789491177,-2.912205802322992,-4.398617070556057,-2.749372245822454,-1.6602416382508727,-2.39088428584319,-1.4761593169124372,-0.72558662947669,8.293073133645935,5.139204795113658
1.06,5.78,1.551,6.369,0.259,-0.25986,-0.20819,16.474,-44.692,-160.74643524599963,-3.7769479104104695,-1.892474300789371,-2.873622212822967,-4.4363865496601615,-2.7682969888303477,-1.6889778603791024,-2.4352481513397914,-1.5038422868007406,-0.742476408080481,8.739460051971175,5.109256219757607
1.07,5.78,1.551,6.369,0.259,-0.25986,-0.20819,16.32,-45.297,-160.74439550799963,-3.814147420234968,-1.800426648085921,-2.8509247389676164,-4.474528023862511,-2.7863012553112068,-1.7174871077687786,-2.4799934315784165,-1.5317052993538527,-0.7596512791581688,8.739460051971175,5.09087698983982
1.08,5.55,1.288,5.923,0.259,-0.25986,-0.20819,16.117,-45.906,-160.7401757699996,-3.8519277137722967,-1.7196313242327874,-2.8316019641872723,-4.513047301000235,-2.8034975685535346,-1.7458031274106514,-2.5251239045884186,-1.559740275039388,-0.7771093104322753,8.218477535407638,5.08059530832745
1.09,5.55,1.288,5.923,0.259,-0.25986,-0.20819,15.907999999999998,-46.516,-160.7357360319996,-3.93201384260188,-1.6168860770766793,-2.8149276686948803,-4.552367439426254,-2.8196664293243012,-1.7739524040976002,-2.570647578982681,-1.587936939332631,-0.7948488344732513,8.218477535407638,5.0989088268610185
1.1,5.583,1.178,5.574,0.259,-0.25986,-0.20819,15.639,-47.181,-160.72965629399957,-4.014006926814504,-1.5006614375777698,-2.8105018854247303,-4.592507508694399,-2.834673043700079,-1.8020574229518476,-2.616572654069625,-1.616283669769632,-0.8128694087027698,7.976656505077801,5.1247592340249275
1.11,5.583,1.178,5.574,0.259,-0.25986,-0.20819,15.353000000000002,-47.84,-160.72333655599957,-4.092964522862745,-1.3981968639280806,-2.806136793930682,-4.633437153923026,-2.8486550123393597,-1.8301187908911545,-2.662907025608855,-1.6447702198930254,-0.8311705966116814,7.976656505077801,5.1557459947094895
1.12,5.952,1.053,5.516,0.259,-0.25986,-0.20819,14.941,-48.538,-160.71405681799956,-4.14809634715212,-1.345476106841169,-2.8356225633563588,-4.674918117394547,-2.8621097734077714,-1.8584750165247181,-2.7096562067828005,-1.6733913176271031,-0.8497553467769285,8.182992667722488,5.201707852345508
1.1300000000000001,5.952,1.053,5.516,0.259,-0.25986,-0.20819,14.518000000000002,-49.23,-160.70445707999954,-4.211209284386252,-1.2881012907808007,-2.843502743617825,-4.71703021023841,-2.8749907863155792,-1.8869100439608963,-2.7568265088851844,-1.702141225490259,-0.8686244472165375,8.182992667722488,5.242041246039011
1.1400000000000001,6.139,0.086,5.578,0.259,-0.25986,-0.20819,13.936,-49.905,-160.69089734199957,-4.2327162992580885,-1.2998074686574503,-2.859157694520093,-4.759357373230991,-2.8879888610021536,-1.9155016209060973,-2.8044200826174945,-1.7310211141002805,-0.8877794634255985,8.295107051750447,5.2706896557961205
1.1500000000000001,6.139,0.086,5.578,0.259,-0.25986,-0.20819,13.326,-50.581,-160.67689760399952,-4.270084283084112,-1.271333310018529,-2.8659946869066926,-4.802058216061832,-2.900702194102339,-1.9441615677751642,-2.8524406647781126,-1.760028136041304,-0.9072210791033501,8.295107051750447,5.297530907430557
1.16,6.129,-0.283,5.55,0.259,-0.25986,-0.20819,12.585,-51.279,-160.6592778659995,-4.289902810200278,-1.2097701098821594,-2.852203032624372,-4.844957244163835,-2.9127998952011604,-1.972683598101408,-2.900890237219751,-1.7891561349933156,-0.9269479150843642,8.273284112128628,5.2916795045656535
1.17,6.129,-0.283,5.55,0.3219,-0.38187,-0.22537,11.81,-51.971,-160.6412664919995,-4.3509011118833545,-1.1115111476219028,-2.768308455865844,-4.888466255282668,-2.9239150066773796,-2.0003666826600663,-2.9497748997725775,-1.8183952850600893,-0.946951581910965,8.273284112128628,5.275351099547205
1.18,6.732,-0.148,5.349,0.3219,-0.38187,-0.22537,10.865,-52.668,-160.61919511799948,-4.407324626887796,-1.004710874936069,-2.6541499127127435,-4.932539501551546,-2.9339621154267403,-2.026908181787194,-2.999100294788093,-1.8477349062143567,-0.9672206637288369,8.59962377084021,5.241990658913798
1.19,6.732,-0.148,5.349,0.3219,-0.38187,-0.22537,9.877,-53.35,-160.59636374399952,-4.509327056018799,-0.8928974637341001,-2.4885140829657644,-4.977632772111734,-2.9428910900640814,-2.0517933226168514,-3.0488766225092103,-1.8771638171149974,-0.9877385969550053,8.59962377084021,5.2272362410747135
1.2,6.79,-0.498,5.401,0.3219,-0.38187,-0.22537,8.657,-53.987,-160.5681323699995,-4.618175688243693,-0.798097242881161,-2.336426474426265,-5.023814528994171,-2.950872062492893,-2.075157587361114,-3.099114767799152,-1.9066725377399263,-1.0084901728286164,8.69039153318192,5.236735105672193
1.21,6.79,-0.498,5.401,0.3219,-0.38187,-0.22537,7.388000000000001,-54.602,-160.53904099599947,-4.727805780926662,-0.6875672435102542,-2.161204974438894,-5.071092586803437,-2.9577477349279957,-2.0967696371055027,-3.1498256936671862,-1.9362500150892061,-1.0294578691996714,8.69039153318192,5.243634537041199
1.22,7.116,-0.522,5.569,0.3219,-0.38187,-0.22537,5.839,-55.102,-160.50376962199945,-4.850207054142182,-0.5920271824787582,-2.0190343649117004,-5.119594657344859,-2.9636680067527834,-2.1169599807546198,-3.2010216402406346,-1.965886695156734,-1.0506274690072177,9.051171250175305,5.286918234618227
1.23,7.116,-0.522,5.569,0.3219,-0.38187,-0.22537,4.246,-55.574,-160.46775824799943,-4.96273848774504,-0.49946294938025115,-1.829444011398801,-5.169222042222309,-2.9686626362465858,-2.1352544208686077,-3.252713860662858,-1.9955733215191997,-1.0719800132159039,9.051171250175305,5.312730176321067
1.24,7.532,-1.614,6.235,0.3219,-0.38187,-0.22537,2.395,-55.898,-160.42546687399943,-5.02226552571423,-0.47033706662513564,-1.6155954047460823,-5.219444697479451,-2.973366006912837,-2.1514103749160687,-3.3049083076376524,-2.025306981588328,-1.0934941169650645,9.910158676832577,5.296651440188964
1.25,7.532,-1.614,6.235,0.3219,-0.38187,-0.22537,0.505,-56.184,-160.38251549999939,-5.096707300256951,-0.4434917011828729,-1.3425939109946112,-5.270411770482021,-2.9778009239246654,-2.1648363140260147,-3.357612425342473,-2.0550849908275746,-1.1151424801053247,9.910158676832577,5.289203021566707
1.26,7.968,-3.371,6.512,0.3219,-0.38187,-0.22537,-1.461,-56.398,-160.3366041259994,-5.14143562019596,-0.4608341562974292,-1.0149754231028651,-5.32182612668398,-2.9824092654876395,-2.174986068257043,-3.4108306866093128,-2.084909083482451,-1.136892340787895,10.828610668040476,5.260884285529669
1.27,7.968,-3.371,6.512,0.3219,-0.38187,-0.22537,-3.461,-56.574,-160.2902527519994,-5.220431476068183,-0.4276091381584721,-0.6573035184613832,-5.3740304414446625,-2.9866853568692244,-2.181559103441657,-3.464570991023759,-2.114775937051143,-1.1587079318223117,10.828610668040476,5.27899633327603
1.28,8.428,-3.376,6.34,0.3219,-0.38187,-0.22537,-5.471,-56.591,-160.2418213779994,-5.310628218044101,-0.3650457737512409,-0.31272159698606805,-5.427136723625104,-2.9903358146067367,-2.184686319411518,-3.5188423582600104,-2.1446792951972107,-1.1805547950164268,11.073579367124255,5.3323376941489204
1.29,8.428,-3.376,6.34,0.3219,-0.38187,-0.22537,-7.487,-56.563,-160.19339000399935,-5.4050870842244585,-0.2965921005726102,0.054074491491451965,-5.4811875944673485,-2.9933017356124627,-2.184145574496603,-3.573654234204684,-2.1746123125533354,-1.2023962507613928,11.073579367124255,5.413488460577171
1.3,8.653,-3.567,6.316,0.3219,-0.38187,-0.22537,-9.553,-56.354,-160.14209862999937,-5.518471798713771,-0.2533782332908891,0.3800074490206378,-5.536372312454486,-2.9958355179453715,-2.1803455000063967,-3.629017957329229,-2.204570667732789,-1.2241997057614566,11.291136081015054,5.537340262582387
1.31,8.653,-3.567,6.316,0.3219,-0.38187,-0.22537,-11.591,-56.091,-160.09156725599934,-5.644787282915904,-0.25593379144621353,0.7324699783481916,-5.592820185283645,-2.9983948558598335,-2.1730208002229148,-3.6849461591820654,-2.2345546162913874,-1.245929913763686,11.291136081015054,5.6978625680297466
1.32,8.978,-4.219,7.207,0.3219,-0.38187,-0.22537,-13.727,-55.591,-160.03851588199933,-5.75398171732641,-0.3099428749591203,1.0684372517823413,-5.650360002456909,-3.0014942846094246,-2.162336427705091,-3.7414497592066343,-2.2645695591374815,-1.2675532780407368,12.261537179326254,5.860539936734559
1.33,8.978,-4.219,7.207,0.3219,-0.38187,-0.22537,-15.793,-55.031,-159.98700450799933,-5.857134647615273,-0.37623663735904245,1.4180846033089034,-5.708931348933062,-3.005256650983015,-2.148155581672002,-3.7985390726959647,-2.2946221256473116,-1.2890348338574569,12.261537179326254,6.0380911081009945
1.34,9.112,-4.927,8.672,0.3219,-0.38187,-0.22537,-17.864,-54.278,-159.93449313399933,-5.9545794211619265,-0.49654285768547424,1.7546340585966762,-5.768477143144681,-3.01022207955987,-2.1306092410860353,-3.8562238441274115,-2.32472434644291,-1.3103409262683172,13.509532079239458,6.2275445861134555
1.35,9.112,-4.927,8.672,0.4718,-0.44318,-0.16046,-19.836,-53.47,-159.8834456419993,-6.084548190206007,-0.6576202420410341,2.066339706458704,-5.829322625046741,-3.01679828198028,-2.1099458440214485,-3.914517070377879,-2.354892329262713,-1.3314403847085317,13.509532079239458,6.4594079329431695
1.36,9.476,-6.239,8.662,0.4718,-0.44318,-0.16046,-21.627,-52.449,-159.83369814999932,-6.175547169427855,-0.8595611659515416,2.3653427427907356,-5.89107809674102,-3.0253938936397957,-2.0862924165935413,-3.9734278513452894,-2.385146268199111,-1.3523033088744671,14.274100356940188,6.668663624048912
1.37,9.476,-6.239,8.662,0.4718,-0.44318,-0.16046,-23.302,-51.378,-159.7861706579993,-6.311835988706031,-1.046803586970147,2.665926720164912,-5.95419645662808,-3.035861929509497,-2.059633149391892,-4.03296981591157,-2.415504887494206,-1.372899640368386,14.274100356940188,6.931250722294458
1.3800000000000001,9.553,-6.828,8.169,0.4718,-0.44318,-0.16046,-24.763,-50.18,-159.74104316599926,-6.409001985802376,-1.2657160732101098,2.9498848417779135,-6.018286476486104,-3.048519090241598,-2.030134300974113,-4.093152680676431,-2.445990078396622,-1.3932009833781271,14.304333399358393,7.167926074657322
1.3900000000000001,9.553,-6.828,8.169,0.4718,-0.44318,-0.16046,-26.115,-48.955000000000005,-159.69813567399927,-6.534791734232904,-1.4205913036833429,3.206523236725059,-6.083634393828433,-3.0627250032784312,-1.9980690686068625,-4.153989024614715,-2.4766173284294064,-1.4131816740641958,14.304333399358393,7.416425953891617
1.4000000000000001,9.764,-6.694,9.06,0.4718,-0.44318,-0.16046,-27.438,-47.648,-159.65586818199927,-6.64514308714988,-1.5778136942685879,3.450715009757902,-6.150085824699932,-3.078503140221117,-1.9635619185092834,-4.215489882861714,-2.5074023598316177,-1.4328172932492886,14.907344901088187,7.652114530055455
1.41,9.764,-6.694,9.06,0.4718,-0.44318,-0.16046,-28.658000000000005,-46.313,-159.61568068999927,-6.798785069118043,-1.772503450059899,3.6266684053592027,-6.218073675391112,-3.0962281747217157,-1.9272952344556913,-4.277670619615625,-2.538364641578835,-1.4520902455938456,14.907344901088187,7.906830630471816
1.42,9.385,-7.336,10.094,0.4718,-0.44318,-0.16046,-29.833000000000002,-44.786,-159.57695319799925,-6.938886910089405,-1.9726498635693135,3.7804117461683195,-6.287462544492007,-3.115954673357409,-1.889491116994008,-4.340545245060545,-2.569524188312409,-1.4709851567637857,15.613582452467467,8.144385305584303
1.43,9.385,-7.336,10.094,0.4718,-0.44318,-0.16046,-30.899,-43.237,-159.54016570599927,-7.157132977082444,-2.187730435047134,3.867303554402375,-6.359033874262831,-3.1378319777078802,-1.8508180814499844,-4.404135583803173,-2.600902508089488,-1.4894933375782855,15.613582452467467,8.424176736629269
1.44,9.318,-7.954,10.415,0.4718,-0.44318,-0.16046,-31.8,-41.375,-159.50681821399922,-7.340886917497287,-2.4105225288336305,3.9171104171927174,-6.432442743437804,-3.1619372029962167,-1.8116469772780572,-4.468460011237551,-2.63252188011945,-1.507609807351066,16.079908737303207,8.66273591990296
1.45,9.318,-7.954,10.415,0.4718,-0.44318,-0.16046,-32.596,-39.501,-159.47531072199925,-7.55475287170035,-2.63698434812529,3.964277105149064,-6.5079902721548075,-3.1883070464774694,-1.7720042062265666,-4.533539913959099,-2.6644049505842244,-1.5253298494133316,16.079908737303207,8.929919953232027
1.46,8.911,-8.317,10.458,0.4718,-0.44318,-0.16046,-33.195,-37.222,-159.44788322999923,-7.7270282184792975,-2.869451189145822,3.978495013575166,-6.585260554339601,-3.2170015583689278,-1.732219256090815,-4.599392519502495,-2.6965749661679137,-1.5426520419742398,16.0607650502708,9.152548158251241
1.47,8.116,-8.48,11.104,0.4718,-0.44318,-0.16046,-33.728,-34.865,-159.42165573799923,-7.90268301585918,-3.1156166854649547,4.04505976304789,-6.664287384498192,-3.248157725223577,-1.691768658460336,-4.666035393347477,-2.7290565434201497,-1.5595697285588432,16.157929075224956,9.408611728970744
1.48,8.116,-8.48,11.104,0.4718,-0.44318,-0.16046,-34.189,-32.432,-159.3965282459992,-8.021966725772002,-3.3675061630578713,4.088935232761581,-6.744507051755912,-3.2818327868541557,-1.6508793061327203,-4.733480463865036,-2.761874871288691,-1.5760785216201705,16.157929075224956,9.613086873910216
1.49,7.269,-8.581,11.607,0.4718,-0.44318,-0.16046,-34.667,-30.053,-159.37118075399923,-8.216454873765954,-3.58292787518457,4.079799475375065,-6.8266716004935715,-3.3176620656060014,-1.6100813113789696,-4.801747179869972,-2.795051491944751,-1.5921793347339601,16.161508933264862,9.848465190611051
1.5,7.269,-8.581,11.607,0.4718,-0.44318,-0.16046,-35.151,-27.729,-159.3456332619992,-8.360812519525503,-3.7771360774921825,4.0593816365230495,-6.910279725688826,-3.355433426380923,-1.5694874950137392,-4.87084997712686,-2.8286058262085603,-1.6078742096840974,16.161508933264862,10.032373707427766
1.51,7.082,-9.146,12.105,0.4718,-0.44318,-0.16046,-35.612,-25.395,-159.3206057699992,-8.608466499406946,-3.9311782655507317,3.934441989402667,-6.996364390682896,-3.3947452090364303,-1.5301430751197125,-4.940813621033689,-2.8625532782989245,-1.6231756404352946,16.74320951908564,10.248887344240103
1.52,7.082,-9.146,12.105,0.4718,-0.44318,-0.16046,-36.057,-23.055,-159.2961382779992,-8.799138340317478,-4.044695652431861,3.786717676232936,-7.08435577408607,-3.435192165560749,-1.4922758983573832,-5.011657178774549,-2.896905199954532,-1.6380983994188685,16.74320951908564,10.398251257415412
1.53,6.302,-9.744,12.522,0.4718,-0.44318,-0.16046,-36.409,-20.555,-159.27365078599917,-9.003342566866007,-4.178369846578015,3.616244920586886,-7.174389199754731,-3.476975864026529,-1.4561134491515144,-5.083401070772097,-2.931674958594797,-1.6526595339103836,17.072235471665685,10.563909280034744
1.54,6.302,-9.744,12.522,0.4718,-0.44318,-0.16046,-36.672,-17.908,-159.25292329399917,-9.156492212492266,-4.29389783920374,3.4196440041116736,-7.265954121879654,-3.5199148424185664,-1.4219170091103976,-5.156060611990894,-2.966874107018983,-1.6668787040014876,17.072235471665685,10.675807857291503
1.55,4.721,-9.673,12.89,0.4718,-0.44318,-0.16046,-36.837,-15.024,-159.23461580199918,-9.279752903028855,-4.414662031197464,3.2309657947072217,-7.358751650909943,-3.564061462730541,-1.3896073511633253,-5.229648128499993,-3.002514721646288,-1.680774777513121,16.793060173774165,10.772288278612722
1.56,4.721,-9.673,12.89,0.74951,-0.32809,0.07648,-36.903,-11.904,-159.2160662979992,-9.358760876847736,-4.520027003302114,3.024298848628442,-7.45233925967842,-3.6092617327635623,-1.3593643626770409,-5.3041715210967775,-3.038607338973924,-1.6943684211398915,16.793060173774165,10.824205873245917
1.57,3.5,-9.639,12.977,0.74951,-0.32809,0.07648,-36.887,-8.586,-159.1991767939992,-9.431800766307033,-4.591404713707278,2.816849522321453,-7.546657267341491,-3.655175779900635,-1.3311958674538262,-5.379638093770192,-3.0751590967729303,-1.7076803798144298,16.53973548760681,10.861606887185982
1.58,3.5,-9.639,12.977,0.74951,-0.32809,0.07648,-36.793,-5.076,-159.18370728999915,-9.492410890952966,-4.657901106926456,2.581614122212856,-7.641581376251021,-3.7017547909698996,-1.3053797262316977,-5.456053907532703,-3.1121766446826293,-1.7207341770767468,16.53973548760681,10.884238086361307
1.59,2.294,-9.323,12.632,0.74951,-0.32809,0.07648,-36.667,-1.368,-159.17031778599917,-9.525016297815576,-4.695313663794903,2.3003437075077167,-7.736831539229176,-3.7487079276078488,-1.2823762891566206,-5.533422222924995,-3.149663723958708,-1.733557939968313,15.866574583066125,10.865702326483172
1.6,2.294,-9.323,12.632,0.74951,-0.32809,0.07648,-36.508,2.538,-159.1588082819992,-9.524615632991162,-4.727294329172463,2.0234563066293734,-7.832077695559088,-3.7959808708995735,-1.262141726090327,-5.611742999880586,-3.1876235326677036,-1.7461793572292164,15.866574583066125,10.824046842825652
1.61,0.287,-9.304,12.555,0.74951,-0.32809,0.07648,-36.35900000000001,6.581,-159.14805877799918,-9.53376430467723,-4.763811029934217,1.7088310110249678,-7.92741533860586,-3.8436189811989157,-1.2450534159800772,-5.691017153266644,-3.2260597224796927,-1.758629891389017,15.629293330154118,10.793825122277145
1.62,0.287,-9.304,12.555,0.74951,-0.32809,0.07648,-36.233,10.761,-159.13796927399918,-9.52491524141234,-4.7990800420757616,1.3892070836857284,-8.022664491019983,-3.8916097816196733,-1.23116134514322,-5.771243798176844,-3.2649758202958896,-1.7709415048404493,15.629293330154118,10.755699694938569
1.6300000000000001,-2.188,-8.638,12.119,0.74951,-0.32809,0.07648,-36.156,14.914,-159.12687976999916,-9.547872689543105,-4.831694879641794,1.0669080072611874,-8.118143217915414,-3.9399267304160914,-1.220492265070608,-5.852425230355998,-3.3043750876000506,-1.7831464274911555,15.042358491938689,10.753857029068122
1.6400000000000001,-2.188,-8.638,12.119,0.74951,-0.32809,0.07648,-36.134,19.034,-159.11483026599916,-9.614750093525847,-4.861611427441765,0.7431573636920443,-8.214290718850672,-3.988542844690509,-1.2130606914336877,-5.934568137544504,-3.3442605160469556,-1.7952770344054925,15.042358491938689,10.79958183910828
1.6500000000000001,-3.496,-8.092,11.684,0.74951,-0.32809,0.07648,-36.129,23.0,-159.09958076199916,-9.798480418791712,-4.884538494377433,0.42394190046967095,-8.312275523038588,-4.037388229634283,-1.2088212724289908,-6.01769089277489,-3.3846343983432985,-1.8073652471297823,14.636199506702551,10.956672010947184
1.6600000000000001,-3.496,-8.092,11.684,0.74951,-0.32809,0.07648,-36.123,26.818,-159.08125125799916,-9.989325946803561,-4.879078465805302,0.09893669262723598,-8.412168782506624,-4.086179014292336,-1.2078319055027185,-6.101812580599956,-3.425496188486222,-1.8194435661848094,14.636199506702551,11.117635900501325
1.67,-4.463,-7.925,11.052,0.74951,-0.32809,0.07648,-36.019,30.366,-159.05798175399917,-10.299883830456361,-4.865738946476329,-0.21884990466465756,-8.515167620811187,-4.134836403757099,-1.210020404549365,-6.186964256808068,-3.466844552523793,-1.831543770230303,14.313304929330613,11.393459426220147
1.68,-4.463,-7.925,11.052,0.74951,-0.32809,0.07648,-35.799,33.651,-159.0294322499992,-10.537684991573943,-4.810220117904485,-0.5593889385278576,-8.620544470726927,-4.182938604936144,-1.2156142939346435,-6.273169701515337,-3.5086739385731542,-1.8436999131696494,14.313304929330613,11.597152174084943
1.69,-4.774,-7.666,10.989,0.74951,-0.32809,0.07648,-35.376,36.612,-158.99450274599914,-10.852988358745241,-4.675252297012151,-0.9246491085101093,-8.72907435431438,-4.229691127906265,-1.2248607850197446,-6.3604604450584805,-3.550970849852217,-1.855948521019847,14.223809370207405,11.853282934682934
1.7,-4.774,-7.666,10.989,0.74951,-0.32809,0.07648,-34.733,39.238,-158.95267324199915,-11.093315286057631,-4.500029250883799,-1.3184016475145242,-8.840007507174956,-4.274691420415103,-1.23804480149489,-6.44886052013023,-3.5937177640563682,-1.868328969034796,14.223809370207405,12.043674281499758
1.71,-5.076,-8.001,11.272,0.74951,-0.32809,0.07648,-33.788,41.572,-158.90424373799917,-11.383327988837122,-4.244050346994903,-1.7113162733172802,-8.953840787063328,-4.317131923885053,-1.2551579642280628,-6.538398928000864,-3.6368890832952188,-1.8808805486770765,14.725479992176824,12.268688717079373
1.72,-5.076,-8.001,11.272,0.74951,-0.32809,0.07648,-32.531,43.594,-158.84867423399916,-11.573252065016376,-3.954531278734054,-2.164508343213213,-9.069573307713492,-4.356677236672393,-1.276803047660195,-6.629094661077999,-3.680455855661943,-1.8936485791536786,14.725479992176824,12.42028894038828
1.73,-5.076,-8.27,11.411,0.74951,-0.32809,0.07648,-30.861,45.346,-158.78618472999915,-11.80307534830132,-3.574050775870259,-2.6741674277870535,-9.187604061196506,-4.3924177444310954,-1.3035447219380656,-6.720970701689964,-3.7243800331062538,-1.9066840263730591,14.978971827198286,12.618938071724353
1.74,-5.076,-8.27,11.411,0.74951,-0.32809,0.07648,-28.784,46.80200000000001,-158.71665522599915,-11.89477174599125,-3.180573544317655,-3.172430112947963,-9.306551778656418,-4.424223479874272,-1.3352690230675452,-6.814036219476528,-3.7686222679049965,-1.9200367166037347,14.978971827198286,12.714792793497821
1.75,-4.405,-8.131,11.483,0.74951,-0.32809,0.07648,-26.323,48.043,-158.64208572199914,-11.998668407457135,-2.7597642617844467,-3.71743069280587,-9.42653846273099,-4.451821122492117,-1.372443329995604,-6.908301604103838,-3.8131404791299177,-1.9337611499036906,14.743692719261347,12.860934386293545
1.76,-4.405,-8.131,11.483,0.74951,-0.32809,0.07648,-23.489,49.054,-158.56265621799918,-11.901541607007992,-2.347473534082037,-4.213337356841121,-9.545553878801071,-4.475295857832937,-1.4145767035640153,-7.003757142891849,-3.857893437708247,-1.9479069169393308,14.743692719261347,12.841710801100877
1.77,-3.587,-7.072,10.654,0.87207,-0.04803,0.44403,-20.347,49.818,-158.47624472399917,-11.75168536687804,-1.9455860006506371,-4.681370932338772,-9.663070732469851,-4.494751717839444,-1.4613904128874031,-7.100387850216547,-3.9028409548866416,-1.9625208210682048,13.281094420265221,12.798540840821252
1.78,-3.587,-7.072,10.654,0.87207,-0.04803,0.44403,-16.941,50.323,-158.38729322999916,-11.450046789484729,-1.5820281700164254,-5.1270351113490165,-9.777571200364699,-4.510571999539608,-1.5126607640008933,-7.198163562220194,-3.9479466748820378,-1.9776474287082138,13.281094420265221,12.644875390652162
1.79,-2.586,-6.22,9.318,0.87207,-0.04803,0.44403,-13.425,50.543,-158.2985817359992,-11.09868317338498,-1.2595008150766427,-5.573248045184995,-9.88855803209855,-4.5231670076903745,-1.5683932444527433,-7.297049142541179,-3.9931783449589413,-1.9933313611527412,11.497865888937826,12.483116768640594
1.8,-2.586,-6.22,9.318,0.87207,-0.04803,0.44403,-9.86,50.482,-158.21127024199916,-10.628767150587993,-0.9663234567263034,-5.982987553988816,-9.99484570360443,-4.532830242257638,-1.6282231199926316,-7.396997599577223,-4.038506647381518,-2.0096135923526677,11.497865888937826,12.23522015476726
1.81,-2.097,-4.75,8.624,0.87207,-0.04803,0.44403,-6.389,50.175,-158.1279387479992,-10.160526349668253,-0.6888706094239974,-6.383291095416236,-10.096450967101113,-4.539718948351878,-1.692056030946794,-7.497962109248235,-4.083903836865037,-2.0265341526621357,10.06644351297915,12.019036717959192
1.82,-2.097,-4.75,8.624,0.87207,-0.04803,0.44403,-3.06,49.642,-158.0494272539992,-9.598440929943418,-0.4948388424548006,-6.751450155761475,-10.192435376400548,-4.544667336776426,-1.7595705325044089,-7.59988646301224,-4.129350510232801,-2.04412985798718,10.06644351297915,11.745510332520539
1.83,-1.135,-3.247,7.939,0.87207,-0.04803,0.44403,0.066,48.95,-157.97661575999922,-9.035976013835231,-0.3243332888940058,-7.076046385796614,-10.2827951365389,-4.547910669665366,-1.830330996362375,-7.7027144143776285,-4.174829616929455,-2.0624331679508034,8.65210696882557,11.481484532012216
1.84,-1.135,-3.247,7.939,0.87207,-0.04803,0.44403,2.988,48.131,-157.9099842659992,-8.436959877969514,-0.2560148234683067,-7.347641763345896,-10.367164735318594,-4.550470817900049,-1.903807413995834,-7.806386061730814,-4.220334325108455,-2.0814712420907617,8.65210696882557,11.190874633144974
1.85,-1.01,-1.312,7.226,0.87207,-0.04803,0.44403,5.68,47.285,-157.84905277199923,-7.831205730005432,-0.24634298103493893,-7.610024118908548,-10.44547679261865,-4.5529342477103985,-1.9799076551849195,-7.910840829657,-4.265863667585559,-2.101270318642611,7.413266486509169,10.922496744808162
1.86,-1.01,-1.312,7.226,0.87207,-0.04803,0.44403,8.163,46.434,-157.7935012779992,-7.233291342075143,-0.32991813196067904,-7.808488489173169,-10.517809706039401,-4.556233429030005,-2.057992540076651,-8.016018926717395,-4.311426001875859,-2.1218502440433773,7.413266486509169,10.649030101313713
1.87,-1.149,-0.153,6.412,0.87207,-0.04803,0.44403,10.437,45.599,-157.74244978399923,-6.674016585846913,-0.4533275567505718,-7.958025978416643,-10.58454987189787,-4.560766704597511,-2.1375727998608176,-8.121864425436375,-4.357033668921834,-2.1432259720419853,6.515930785390526,10.396065637298722
1.8800000000000001,-1.149,-0.153,6.412,0.87207,-0.04803,0.44403,12.524,44.797000000000004,-157.69559828999925,-6.1537588508738015,-0.6653536619546763,-8.074516433962534,-10.646087460406608,-4.567420241217058,-2.218317964200443,-8.22832530004044,-4.402707871334004,-2.1654091516839897,6.515930785390526,10.17395002604766
1.8900000000000001,-0.407,0.488,5.995,0.87207,-0.04803,0.44403,14.442,44.05,-157.65212679599927,-5.699251756274301,-0.9115243721977162,-8.099020920923362,-10.70307997796935,-4.576535484939035,-2.2993081734096767,-8.335356099820133,-4.448473226183395,-2.1884022334180866,6.028583415695597,9.945174062833715
1.9000000000000001,-0.407,0.488,5.995,0.87207,-0.04803,0.44403,16.21,43.369,-157.61185530199927,-5.239786912417954,-1.2152160570677306,-8.125309486646852,-10.75547784709353,-4.5886876455097125,-2.3805612682761454,-8.44291087829107,-4.494360102638492,-2.212207846100848,6.028583415695597,9.744371257638692
1.9100000000000001,-0.326,0.867,5.622,0.87207,-0.04803,0.44403,17.875,42.764,-157.57410380799928,-4.8649830885122585,-1.5319317787058224,-8.11364582541226,-10.804127677978652,-4.60400696329677,-2.461697726530268,-8.550952155070856,-4.540400172271459,-2.2368248233661507,5.69779334479586,9.583638349100452
1.92,-0.326,0.867,5.622,0.87207,-0.04803,0.44403,19.44,42.237,-157.53877231399923,-4.472503887836302,-1.8425691047201063,-8.118616883485052,-10.848852716857015,-4.622432654343972,-2.5428838953651183,-8.659440682239426,-4.586624498814899,-2.262253662319802,5.69779334479586,9.450412267895429
1.93,-0.603,1.824,4.468,0.87207,-0.04803,0.44403,20.901,41.732,-157.50618081999926,-4.153142684855471,-2.0910987469781057,-8.082423259050548,-10.890384143705571,-4.643343641813753,-2.6237081279556236,-8.76834452367648,-4.633057935233037,-2.288490743599358,4.8634976097454805,9.324529686199899
1.94,-0.603,1.824,4.468,0.87207,-0.04803,0.44403,22.275,41.248,-157.47622932599927,-3.8209385168511036,-2.378550618760264,-8.039540290327963,-10.928593528874082,-4.667129148001355,-2.7041035308589034,-8.877630458965221,-4.67972922671305,-2.315531778907947,4.8634976097454805,9.21364652433377
1.95,-0.484,2.95,3.266,0.91977,0.13806,0.36478,23.533,40.787,-157.4495944819993,-3.5418411657958684,-2.632871181762791,-7.974515325607012,-10.96401194053204,-4.693457859818984,-2.7838486841149734,-8.987270578370541,-4.72666380531124,-2.3433702657490967,4.427585346438847,9.114249512813677
1.96,-0.484,2.95,3.266,0.91977,0.13806,0.36478,24.686,40.353,-157.42545963799927,-3.262591861129432,-2.921383390985205,-7.933858301042165,-10.996637859143336,-4.722671693728835,-2.863187267125395,-9.097236956961975,-4.773890522248529,-2.3720021384203505,4.427585346438847,9.062289672618498
1.97,-1.149,3.682,2.964,0.91977,0.13806,0.36478,25.73,39.941,-157.40342479399928,-3.0304771888286943,-3.185888924947715,-7.884599852391166,-11.026942631031623,-4.754530582978313,-2.942033265649307,-9.20750638327229,-4.821435828078312,-2.4014224710768435,4.864424015235514,9.027768000255787
1.98,-1.149,3.682,2.964,0.91977,0.13806,0.36478,26.675,39.556,-157.38360994999928,-2.793492882096528,-3.5065287808071837,-7.8142010354279305,-11.054877559852589,-4.789595870786385,-3.0201752760035863,-9.318055158870816,-4.869331786786176,-2.4316242238368795,4.864424015235514,9.00894468819939
1.99,-1.561,4.496,2.629,0.91977,0.13806,0.36478,27.526,39.133,-157.36629510599928,-2.6195979295249585,-3.783272773772735,-7.742030452258207,-11.081073539147837,-4.827428598524112,-3.097595580526168,-9.428865894262294,-4.917606072771417,-2.4626001796421413,5.437129573589359,9.006357849699006
2.0,-1.561,4.496,2.629,0.91977,0.13806,0.36478,28.29,38.672,-157.35152026199927,-2.443473950784621,-4.0811856921349765,-7.622079675659008,-11.105508278655684,-4.868240455445462,-3.1738163772827583,-9.539920977048851,-4.966288477325871,-2.494338343414969,5.437129573589359,8.984583473035597
2.0100000000000002,-1.135,4.932,2.404,0.91977,0.13806,0.36478,28.971000000000004,38.199,-157.3388254179993,-2.3092858093394866,-4.330439056872579,-7.465181193468396,-11.12860113674908,-4.911544846014188,-3.2484681892174425,-9.651206988416343,-5.015403925786012,-2.5268230253071433,5.602862214975485,8.933892411811238
2.02,-1.135,4.932,2.404,0.91977,0.13806,0.36478,29.581000000000003,37.711,-157.32833057399927,-2.218129917151579,-4.579254232636405,-7.31880247695244,-11.150782435920595,-4.957337388340552,-3.3216562139869668,-9.762714812775549,-5.064977299669418,-2.560039587447013,5.602862214975485,8.913727579028118
2.0300000000000002,-1.451,5.181,2.289,0.91977,0.13806,0.36478,30.130000000000003,37.238,-157.31979572999927,-2.1749183565638726,-4.794473500846806,-7.184162927152568,-11.172531619486234,-5.005282123349019,-3.3934978432584924,-9.874440128970411,-5.115030120902908,-2.593974565879598,5.847023430772277,8.906707751572075
2.04,-1.451,5.181,2.289,0.91977,0.13806,0.36478,30.619,36.782,-157.31316088599928,-2.183745359713311,-4.978583315744841,-7.02420965241562,-11.194369073083367,-5.055067956506468,-3.4637399397826485,-9.986383819701246,-5.165580800467973,-2.6286119652774245,5.847023430772277,8.882260797171579
2.05,-1.48,5.99,2.112,0.91977,0.13806,0.36478,31.063999999999997,36.35900000000001,-157.30804604199926,-2.2436520923578143,-5.123708477332104,-6.836138495209905,-11.216805594006946,-5.106305041279789,-3.5321013247347475,-10.098551875641315,-5.216643850880771,-2.663932978524772,6.5215829366803275,8.832845113434132
2.06,-1.48,5.99,2.112,0.91977,0.13806,0.36478,31.465000000000003,35.969,-157.30425119799926,-2.3022708514600456,-5.254945899301025,-6.62618159350801,-11.239828302521547,-5.1588545002728,-3.5983631406698278,-10.21095015866653,-5.268232395883499,-2.69991660993147,6.5215829366803275,8.764769819465172
2.07,-1.786,6.201,2.423,0.91977,0.13806,0.36478,31.811000000000003,35.612,-157.30165635399925,-2.4050296245455023,-5.3198455926844535,-6.41917964328425,-11.263878598767002,-5.212052956199645,-3.66255493710267,-10.3235889446542,-5.320352925445495,-2.736542159302497,6.892976570393954,8.677026674944626
2.08,-1.786,6.201,2.423,0.91977,0.13806,0.36478,32.108,35.299,-157.30016150999927,-2.491737365255593,-5.396036348560458,-6.221748754616989,-11.288795972419559,-5.266013319685249,-3.7247724246488403,-10.436476904378395,-5.373013058642347,-2.7737898835489854,6.892976570393954,8.604424497778723
2.09,-2.112,6.053,2.983,0.91977,0.13806,0.36478,32.344,34.991,-157.30010666599924,-2.6005398616165745,-5.434504240412874,-6.0718380668782,-11.314801371035724,-5.320358362089378,-3.785490805317622,-10.549624918088753,-5.426216642263241,-2.8116447916021614,7.07090107412061,8.553587634514155
2.1,-2.112,6.053,2.983,0.91977,0.13806,0.36478,32.514,34.7,-157.30137182199925,-2.72103144562404,-5.465082625075554,-5.862629017445588,-11.342011685491965,-5.375009188340133,-3.844117095492078,-10.663045034943673,-5.479966734146642,-2.850085962557082,7.07090107412061,8.464133695965145
2.11,-2.705,6.321,3.237,0.91977,0.13806,0.36478,32.651,34.426,-157.30383697799925,-2.8598098628629045,-5.449317321006596,-5.640720654047115,-11.370609784120594,-5.429502361550199,-3.900524302032549,-10.776751132784879,-5.5342617577621445,-2.8890912055774076,7.599357538634433,8.348131600169236
2.12,-2.705,6.321,3.237,0.91788,0.21808,0.32379,32.75,34.167,-157.30770383599926,-3.00226368423725,-5.4435755005330275,-5.374398978152223,-11.400632420962967,-5.483938116555529,-3.9542682918140715,-10.890757456994509,-5.5891011389277,-2.9286338884955483,7.599357538634433,8.217680076278029
2.13,-2.753,6.637,3.543,0.91788,0.21808,0.32379,32.811,33.926,-157.31233069399923,-3.1622929249573644,-5.416691633744779,-5.068744129095453,-11.432255350212541,-5.538105032892977,-4.004955733105026,-11.005080010496634,-5.64448218925663,-2.9686834458265987,8.01134364510723,8.064292395775075
2.14,-2.753,6.637,3.543,0.91788,0.21808,0.32379,32.844,33.706,-157.31761755199923,-3.3312737478271885,-5.3872821846495755,-4.7919939922185115,-11.465568087690814,-5.591977854739473,-4.052875673027211,-11.119735691373542,-5.700401967804025,-3.0092122025568706,8.01134364510723,7.9425059358784
2.15,-3.323,6.665,4.171,0.91788,0.21808,0.32379,32.844,33.486,-157.32322440999923,-3.504803325235633,-5.3353436697070595,-4.553652916832807,-11.500616120943171,-5.645331291436544,-4.098412202195539,-11.234741852582973,-5.756855280718391,-3.050196324578826,8.535912077803989,7.841255850273339
2.16,-3.323,6.665,4.171,0.91788,0.21808,0.32379,32.822,33.272,-157.32929126799925,-3.669332486455735,-5.270313432698766,-4.3056837879013425,-11.537309445807729,-5.698034425763532,-4.141469040074552,-11.35011494704105,-5.813835624976026,-3.0916110149795717,8.535912077803989,7.731695639149341
2.17,-3.156,6.321,4.678,0.91788,0.21808,0.32379,32.75,33.036,-157.3365381259992,-3.8167813023000035,-5.19205148852343,-4.10149681762293,-11.575477258830729,-5.749954940648766,-4.182484008250782,-11.465869719629357,-5.871335174382513,-3.1334358550620793,8.473432657429926,7.638553155803545
2.18,-3.156,6.321,4.678,0.91788,0.21808,0.32379,32.646,32.789,-157.3446849839992,-3.9529327663252607,-5.143791963201278,-3.8980618887508416,-11.615006586493982,-5.801392860280779,-4.221464627138291,-11.582019785494296,-5.929349102985321,-3.1756505013334624,8.473432657429926,7.568299657407449
2.19,-3.347,6.455,5.095,0.91788,0.21808,0.32379,32.509,32.552,-157.35349184199922,-4.0721359168708755,-5.099466632480448,-3.7064745780093324,-11.65572794566269,-5.852387526605583,-4.258529372918384,-11.698577064950923,-5.987872978251377,-3.2182357950626463,8.878539237960263,7.504985320350783
2.2,-3.347,6.455,5.095,0.91788,0.21808,0.32379,32.355,32.333,-157.3627386999992,-4.191929759226037,-5.052827303516686,-3.5078455322061237,-11.69764724325495,-5.90291579964075,-4.293607828240446,-11.815553537383472,-6.046902136247785,-3.261171873345051,8.878539237960263,7.443676453424546
2.21,-4.137,6.445,5.789,0.91788,0.21808,0.32379,32.201,32.135,-157.37208555799918,-4.303270919257213,-5.009800169492081,-3.350155660217007,-11.740679952447522,-5.953013801335671,-4.327109384842616,-11.932960336907948,-6.106432274261142,-3.304442967193477,9.600276818925588,7.4053886657252335
2.22,-4.137,6.445,5.789,0.91788,0.21808,0.32379,32.047,31.970000000000002,-157.38155241599918,-4.419604568316726,-4.938943909588501,-3.1791696413314137,-11.784875998130689,-6.002403240431556,-4.3589010812559295,-12.050809096889255,-6.166456306665458,-3.3480319780060364,9.600276818925588,7.350727249103365
2.23,-4.195,6.517,6.072,0.91788,0.21808,0.32379,31.888,31.8,-157.39121927399918,-4.532699925358952,-4.845968087083753,-3.031860748937683,-11.830202997384278,-6.050862921302393,-4.389219688745306,-12.169111126863097,-6.226964935878482,-3.3919241748934894,9.845735015731432,7.295269351801356
2.24,-4.195,6.517,6.072,0.91788,0.21808,0.32379,31.729,31.624000000000002,-157.40112613199918,-4.621227124173339,-4.759092151241075,-2.8577566800756706,-11.876415268626012,-6.098453842814804,-4.417797255546063,-12.287875279549358,-6.28794947430663,-3.43610214744895,9.845735015731432,7.222982173570478
2.25,-3.831,6.239,5.962,0.91788,0.21808,0.32379,31.569,31.470000000000002,-157.41081298999916,-4.678707325865941,-4.6829689491637,-2.6956653558690937,-11.923202341884672,-6.145283532306441,-4.444753909104754,-12.407107302968205,-6.349402309629694,-3.4805496865399976,9.441775574541051,7.147524895428895
2.2600000000000002,-3.831,6.239,5.962,0.91788,0.21808,0.32379,31.404000000000003,31.332999999999995,-157.42059984799914,-4.7241693121291695,-4.623178132781332,-2.540555451649141,-11.970444035005963,-6.1915153136342544,-4.470159463621245,-12.526811743318264,-6.4113174627660365,-3.5252512811762102,9.441775574541051,7.081382191351817
2.27,-4.252,6.235,6.206,0.91788,0.21808,0.32379,31.233999999999998,31.229,-157.43060670599917,-4.731645716953853,-4.569805772532403,-2.408378417255199,-12.017760492175501,-6.237213371359578,-4.494243247793797,-12.64698934824002,-6.473689596479632,-3.5701937136541484,9.77083235963037,7.0051325890477525
2.2800000000000002,-4.252,6.235,6.206,0.91788,0.21808,0.32379,31.053,31.157000000000004,-157.44039356399915,-4.737750568848501,-4.516059189966197,-2.2514700596558654,-12.065137997863987,-6.28237396325924,-4.516757948390356,-12.767640728218659,-6.5365133361122245,-3.615361293138052,9.77083235963037,6.9217186080791535
2.29,-4.764,6.139,6.699,0.91788,0.21808,0.32379,30.877000000000002,31.086,-157.45040042199912,-4.723812560186704,-4.476172820638635,-2.1132157665579383,-12.112376123465854,-6.327135691465626,-4.537890106055935,-12.888764489453317,-6.599784693026881,-3.6607401941986115,10.259611006271145,6.8422371414640955
2.3000000000000003,-4.764,6.139,6.699,0.91788,0.21808,0.32379,30.707,31.025,-157.46042727999912,-4.717790436612692,-4.4169178535300295,-1.998234851902071,-12.15955402783198,-6.371304870000927,-4.557872454574955,-13.010360029731636,-6.66349774172689,-3.706318918744361,10.259611006271145,6.764588121384967
2.31,-4.726,5.899,6.814,0.91788,0.21808,0.32379,30.547000000000004,30.976,-157.4703141379991,-4.699452393233534,-4.363615554920366,-1.9212404322036227,-12.206548551764316,-6.414941025550131,-4.577084858896991,-13.13242551524928,-6.727647151982391,-3.752089767333331,10.176633677203872,6.694561845688284
2.32,-4.726,5.899,6.814,0.91788,0.21808,0.32379,30.394000000000002,30.948,-157.48000099599912,-4.682821779418528,-4.3165641297143615,-1.845046291606682,-12.253376769558502,-6.458106666847274,-4.595535321813058,-13.254959282944863,-6.792228218650864,-3.7980451205514614,10.176633677203872,6.630666747914932
2.33,-5.176,5.76,6.862,0.91788,0.21808,0.32379,30.267000000000003,30.959,-157.48912785399912,-4.658118759416193,-4.27763059007021,-1.777566745776359,-12.299957957152664,-6.500882972747976,-4.613310989270821,-13.37795886251639,-6.857237048378344,-3.8441782304441694,10.346768577676801,6.5693178776505725
2.34,-5.176,5.76,6.862,0.91788,0.21808,0.32379,30.157000000000004,31.009,-157.4979347119991,-4.638284103449099,-4.231289363530984,-1.6727307706022208,-12.346340798187155,-6.543195866383286,-4.630038296976843,-13.501422270498262,-6.922669007042177,-3.8904786134139377,10.346768577676801,6.497346945727814
2.35,-5.392,5.957,6.594,0.91788,0.21808,0.32379,30.064000000000004,31.058,-157.5064015699991,-4.605477401770001,-4.178797268435864,-1.5752248832455105,-12.392395572204855,-6.584983839067645,-4.645790545809298,-13.62534622622031,-6.988518845432853,-3.936936518872031,10.394245956297167,6.415146307115452
2.36,-5.392,5.957,6.594,0.91788,0.21808,0.32379,29.987,31.102,-157.5145484279991,-4.578433117586301,-4.140041933235525,-1.4824552236184059,-12.438179903380718,-6.6263842584,-4.660615098045482,-13.749728025254118,-7.054782688016853,-3.983542669852486,10.394245956297167,6.348202147946539
2.37,-5.392,5.746,6.608,0.91788,0.21808,0.32379,29.910000000000004,31.124,-157.5229152859991,-4.5447773919742875,-4.1301212016146245,-1.417847044691075,-12.483627677300461,-6.667685470416147,-4.674793568492393,-13.874564302027123,-7.121459542721015,-4.0302906055374095,10.283766041679478,6.302633808557059
2.38,-5.392,5.746,6.608,0.91788,0.21808,0.32379,29.828,31.124,-157.53128214399908,-4.505902212658334,-4.11437996635782,-1.3942069982835907,-12.528686699427045,-6.7088292700797245,-4.688735638475229,-13.999851169021394,-7.1885478354218115,-4.077177961922162,10.283766041679478,6.259000751850793
2.39,-5.325,5.77,6.756,0.93256,0.23978,0.26654,29.751000000000005,31.124,-157.54019005199908,-4.472375378090892,-4.09952939556175,-1.3889590514639143,-12.573410453207954,-6.749824564035342,-4.702625228989867,-14.125585273553474,-7.2560460810621645,-4.124204214212061,10.35818811375812,6.223944893254766
2.4,-5.325,5.77,6.756,0.93256,0.23978,0.26654,29.674000000000003,31.119,-157.5491179599991,-4.433163633472188,-4.08855135250703,-1.3785185332728558,-12.617742089542675,-6.790710077560412,-4.716410414322596,-14.251762694448901,-7.323953181837768,-4.171368318355287,10.35818811375812,6.186235148279132
2.41,-5.401,5.684,6.728,0.93256,0.23978,0.26654,29.608,31.119,-157.5578258679991,-4.387235240916918,-4.088262607545446,-1.3707208781800002,-12.661614441951844,-6.831592703635867,-4.7301176231043955,-14.37837883886842,-7.392269108874127,-4.218669494586331,10.3317298164441,6.15147136328181
2.42,-5.401,5.684,6.728,0.93256,0.23978,0.26654,29.559,31.124,-157.5663137759991,-4.351202358404725,-4.082438255084812,-1.3469279540715218,-12.70512646553589,-6.872417086186715,-4.743586902645111,-14.505430103523778,-7.460993279735995,-4.266105363612782,10.3317298164441,6.116655866061623
2.43,-5.674,5.65,6.723,0.93256,0.23978,0.26654,29.520000000000003,31.124,-157.5745816839991,-4.312601055856813,-4.086800443520136,-1.3399062806170376,-12.748252476094459,-6.913285090621916,-4.756985965451282,-14.632912628284723,-7.530126130642214,-4.313675223267295,10.455405539719633,6.090633347441846
2.44,-5.674,5.65,6.723,0.93256,0.23978,0.26654,29.498,31.112999999999996,-157.58238959199912,-4.28252013623614,-4.079800845217826,-1.3500173075803692,-12.791077677456821,-6.9540830990740945,-4.770486138527086,-14.760823405059291,-7.599666961632955,-4.361380084652566,10.455405539719633,6.066902041789914
2.45,-5.483,5.569,6.479,0.93256,0.23978,0.26654,29.482,31.097,-157.5901174999991,-4.257394710706913,-4.071985719805512,-1.3703337706742458,-12.83365162456389,-6.994802956272149,-4.784189476233828,-14.88915992130493,-7.669614991195676,-4.409221979414904,10.15157578900931,6.048495025054208
2.46,-5.483,5.569,6.479,0.93256,0.23978,0.26654,29.482,31.063999999999997,-157.59760540799914,-4.228762058809602,-4.053046677412097,-1.3803709323689286,-12.875939245151987,-7.0353334230462705,-4.797993185557517,-15.017919313756451,-7.739968325426139,-4.45720191127048,10.15157578900931,6.01789330498954
2.47,-5.353,5.784,6.426,0.93256,0.23978,0.26654,29.482,31.042000000000005,-157.60489331599913,-4.208409858820399,-4.034585970961228,-1.397897272781105,-12.91802334374019,-7.075679282755883,-4.811972158285328,-15.147099547193854,-7.810725118253697,-4.505321632853334,10.168713832142194,5.995224289561045
2.48,-5.353,5.784,6.426,0.93256,0.23978,0.26654,29.487,31.02,-157.61204122399914,-4.170222167905986,-4.029767574818702,-1.4155895411083106,-12.95972556541925,-7.11597695850407,-4.826128053696411,-15.276696802848047,-7.881884887838738,-4.553582913390298,10.168713832142194,5.96939472523387
2.49,-5.641,5.54,6.574,0.93256,0.23978,0.26654,29.498,30.998000000000005,-157.61898913199914,-4.130380344265822,-4.028708946140752,-1.4308869632989445,-13.001029368861907,-7.156264047965477,-4.8404369233294,-15.406707096536666,-7.953447528318392,-4.601987282623592,10.282507330413141,5.9445752634440465
2.5,-5.641,5.54,6.574,0.93256,0.23978,0.26654,29.515000000000004,30.981000000000005,-157.62549703999915,-4.089474251955939,-4.0179329910164014,-1.4568110881937062,-13.041924111381467,-7.196443377875641,-4.855005034211337,-15.53712633765048,-8.025411962097149,-4.650537332965706,10.282507330413141,5.915224739973344
2.5100000000000002,-5.617,5.617,6.316,0.93256,0.23978,0.26654,29.542,30.953999999999997,-157.63190494799915,-4.0508456944208735,-4.009107808076783,-1.4962773023581024,-13.082432568325677,-7.236534455956409,-4.869967807234918,-15.667950663333738,-8.097777306656713,-4.699237011038055,10.148558222723068,5.892464851175813
2.52,-5.617,5.617,6.316,0.93256,0.23978,0.26654,29.57,30.91,-157.63819285599916,-4.023262060648547,-4.002148360417558,-1.540210272134973,-13.122665188932162,-7.276555939560585,-4.8853699099562675,-15.799177315223059,-8.170542866052319,-4.7480907101376175,10.148558222723068,5.8801425824410956
2.5300000000000002,-5.301,5.545,6.158,0.93256,0.23978,0.26654,29.603,30.866,-157.64436076399917,-4.000807116645634,-3.998360157821514,-1.587600247175982,-13.162673260098618,-7.3165395411388,-4.901245912428028,-15.930804047824045,-8.243708261463707,-4.797103169261898,9.837102723871496,5.874846047437335
2.54,-5.301,5.545,6.158,0.93256,0.23978,0.26654,29.636,30.822,-157.65032867199915,-3.978809623850221,-3.989754882333436,-1.634523779092849,-13.20246135633712,-7.356437089962134,-4.917591150218956,-16.062828661387417,-8.317272632363329,-4.846279080764087,9.837102723871496,5.866918955326262
2.5500000000000003,-5.325,5.488,6.211,0.93256,0.23978,0.26654,29.669,30.778,-157.65627657999914,-3.958409534438874,-3.9828301025333284,-1.6816141647467695,-13.242045451681507,-7.396265390987468,-4.934407291866424,-16.195249115904232,-8.391235286273204,-4.8956231536827515,9.851410558899676,5.861720555183367
2.56,-5.325,5.488,6.211,0.93256,0.23978,0.26654,29.706999999999997,30.729,-157.66224448799917,-3.9369928760181976,-3.9705913848313905,-1.7113122533984158,-13.28141538044169,-7.435971304835782,-4.951520414400408,-16.32806326970865,-8.465594999321562,-4.945138357826756,9.851410558899676,5.847572015781154
2.57,-5.21,5.516,6.163,0.93256,0.23978,0.26654,29.734000000000005,30.678999999999995,-157.6681923959992,-3.9255709727270505,-3.9548993609764262,-1.7333936808797588,-13.32067109016896,-7.475520298445546,-4.968854351209205,-16.46126998061034,-8.540350202306017,-4.994826901338848,9.77511764635086,5.835751028812215
2.58,-5.21,5.516,6.163,0.93256,0.23978,0.26654,29.767,30.629999999999995,-157.67436030399918,-3.906787488041501,-3.9365438344527885,-1.7676619572168129,-13.359738965049374,-7.514885736790074,-4.986530970781374,-16.594867370260832,-8.615499059673919,-5.044692211046661,9.77511764635086,5.820996017201649
2.59,-5.205,5.478,6.096,0.93256,0.23978,0.26654,29.795000000000005,30.568999999999996,-157.6803282119992,-3.88896924200031,-3.9085831320540265,-1.8085994197639308,-13.398628657469377,-7.553971568110614,-5.004616964979013,-16.728853656835525,-8.691038775355025,-5.094738380696452,9.708847768916762,5.802769659961712
2.6,-5.205,5.478,6.096,0.92661,0.26263,0.2395,29.828,30.509,-157.6865411119992,-3.873895465518549,-3.900285683732949,-1.8496167828805672,-13.437367612124563,-7.592974424947943,-5.0231131328078185,-16.86322733295677,-8.766968519604506,-5.14496951202453,9.708847768916762,5.800032477151386
2.61,-5.052,5.464,6.033,0.92661,0.26263,0.2395,29.855,30.449000000000005,-157.6925540119992,-3.85533856514989,-3.903599120073406,-1.879966512545594,-13.475920997776061,-7.6320104161486775,-5.041912797933274,-16.997986542934534,-8.843288623765993,-5.195388640003863,9.579931575956062,5.7996547854560045
2.62,-5.052,5.464,6.033,0.92661,0.26263,0.2395,29.883,30.394000000000002,-157.69832691199917,-3.843518624218834,-3.8927651510583767,-1.886770924923927,-13.514356184018249,-7.670938067659261,-5.060780507182513,-17.133130104774715,-8.919998004442586,-5.245996445075688,9.579931575956062,5.786722773656077
2.63,-5.181,5.459,6.029,0.92661,0.26263,0.2395,29.910000000000004,30.35,-157.70399981199918,-3.8406264457009853,-3.886494616360536,-1.8871186702563054,-13.552762448475258,-7.709803013822866,-5.079651693885077,-17.268657729259466,-8.997096034580816,-5.296792962014539,9.643250644881112,5.780697948695049
2.64,-5.181,5.459,6.029,0.92661,0.26263,0.2395,29.932,30.306,-157.7095727119992,-3.8282681208598413,-3.886067653791859,-1.881111206065856,-13.591045129683856,-7.748663690360785,-5.0984628059457355,-17.404568180556304,-9.074582671484423,-5.347777590073997,9.643250644881112,5.770245920636801
2.65,-5.191,5.43,6.014,0.92661,0.26263,0.2395,29.949000000000005,30.262,-157.71512561199916,-3.813851781827269,-3.874456055783178,-1.8640143103178102,-13.629183647502128,-7.787408250918617,-5.117102949048913,-17.540860017031324,-9.15245675399361,-5.398948619564486,9.622867400104814,5.74729714657347
2.66,-5.191,5.43,6.014,0.92661,0.26263,0.2395,29.971000000000004,30.218000000000004,-157.72079851199916,-3.8007240693831155,-3.8679989930367005,-1.859429351290054,-13.66719088819596,-7.826088240848984,-5.135697242561814,-17.677531925913282,-9.2307176364021,-5.450305591990104,9.622867400104814,5.732747785674861
2.67,-5.157,5.397,6.072,0.92661,0.26263,0.2395,29.982,30.174000000000003,-157.72637141199914,-3.779256604983454,-3.8768754697938115,-1.8424187142850235,-13.704983454245793,-7.864856995546922,-5.154121429704664,-17.81458176045574,-9.309366206357568,-5.501846806287151,9.622444699763154,5.719042805692901
2.68,-5.157,5.397,6.072,0.92661,0.26263,0.2395,29.998000000000005,30.130000000000003,-157.73214431199915,-3.866026741252193,-3.9757511591426535,-1.6242527994346405,-13.743643721658316,-7.904614507138349,-5.17036395769901,-17.952018197672324,-9.388412351428952,-5.553550445864142,9.622444699763154,5.7784909102613
2.69,-5.181,5.42,5.976,0.92661,0.26263,0.2395,30.009,30.085999999999995,-157.73759721199914,-3.812066103473483,-3.9406468099755547,-1.692775554363454,-13.781764382693051,-7.944020975238105,-5.187291713242645,-18.089835841499255,-9.467852561181333,-5.605423362996568,9.588103931435036,5.7381211503132725
2.7,-5.181,5.42,5.976,0.92661,0.26263,0.2395,30.026,30.042,-157.74327011199915,-3.7712145723990904,-3.909705498770688,-1.7571572766278725,-13.819476528417042,-7.983118030225811,-5.204863286008924,-18.228030606783424,-9.547683741483592,-5.657471995856657,9.588103931435036,5.7092432189388544
2.71,-5.329,5.617,6.024,0.92661,0.26263,0.2395,30.036999999999995,29.993,-157.74862301199911,-3.7469652294798452,-3.876261590761584,-1.8137570677004238,-13.85694618071184,-8.021880646133427,-5.223000856685928,-18.366600068590543,-9.627902547944926,-5.709702004423516,9.810071661308086,5.688133881298656
2.72,-5.329,5.617,6.024,0.92661,0.26263,0.2395,30.048,29.949000000000005,-157.75395591199916,-3.728898066694396,-3.8621071285912696,-1.8434566847781901,-13.894235161378784,-8.06050171741934,-5.24143542353371,-18.505542420204332,-9.708507565119119,-5.762116358658853,9.810071661308086,5.676168145251346
2.73,-5.186,5.545,6.105,0.92661,0.26263,0.2395,30.059000000000005,29.899,-157.75918881199914,-3.7130789194136113,-3.845282071300805,-1.8770163336748515,-13.93136595057292,-8.098954538132348,-5.260205586870459,-18.64485607971006,-9.789497110500442,-5.814718414527557,9.742312148561039,5.665363146925653
2.74,-5.186,5.545,6.105,0.92661,0.26263,0.2395,30.07,29.85,-157.76432171199912,-3.700349045281299,-3.825651990054448,-1.913733970068452,-13.968369441025732,-8.137211058032893,-5.279342926571143,-18.78453977412032,-9.87086922108077,-5.8675118437932685,9.742312148561039,5.656021031972542
2.75,-5.296,5.468,6.12,0.92661,0.26263,0.2395,30.075,29.789,-157.76945461199912,-3.6915497019412613,-3.803082456016452,-1.9529075496370334,-14.005284938045145,-8.175241882593058,-5.2988720020675135,-18.92459262350077,-9.9526216399067,-5.920500563813944,9.767345596424855,5.648435470693816
2.7600000000000002,-5.296,5.468,6.12,0.92661,0.26263,0.2395,30.075,29.729,-157.7743475119991,-3.6875221470373027,-3.777439040351072,-1.9938350280586372,-14.042160159515518,-8.213016272996569,-5.3188103523481,-19.065014225095926,-10.034751802636666,-5.9736886673374245,9.767345596424855,5.6428931770478
2.77,-5.258,5.713,6.163,0.92661,0.26263,0.2395,30.064000000000004,29.652,-157.77914041199912,-3.6891076382132266,-3.748587314222561,-2.035814361011305,-14.07905123589765,-8.250502146138794,-5.339168495958213,-19.2058047374549,-10.117256824098055,-6.0270803522970064,9.912996620598637,5.639677484677058
2.7800000000000002,-5.258,5.713,6.163,0.91919,0.27814,0.21582,30.053,29.581000000000003,-157.7842853759991,-3.697147433112836,-3.716392848795173,-2.0781435041730782,-14.116022710228778,-8.287666074626745,-5.359949930999944,-19.346964964557188,-10.200133484844322,-6.080679851607006,9.912996620598637,5.6390739818418325
2.79,-5.061,5.502,6.33,0.91919,0.27814,0.21582,30.036999999999995,29.526,-157.7890903399991,-3.712482789379935,-3.6807212152331625,-2.120120413221998,-14.153147538122578,-8.324473286779076,-5.381151135132164,-19.488496439938412,-10.283378217712112,-6.134491362958328,9.795643164182737,5.641378173130244
2.8000000000000003,-2.528,2.749,3.165,0.91919,0.27814,0.21582,30.026,29.465,-157.7938953039991,-3.735954964658326,-3.6414379847007825,-2.1610430438361066,-14.190507087769161,-8.360887666626084,-5.4027615655705254,-19.630401510816103,-10.366987094378374,-6.1885189786140335,4.895407031085362,5.646905093207191
2.81,-5.095,5.435,6.455,0.91919,0.27814,0.21582,30.020000000000003,29.427000000000003,-157.7983602679991,-3.7684052165918143,-3.5984087283622874,-2.200209351693445,-14.22819113993508,-8.396871753909707,-5.42476365908746,-19.772683422215454,-10.45095581191747,-6.242766615204908,9.857244797609523,5.656000746470034
2.82,-5.095,5.435,6.455,0.91919,0.27814,0.21582,30.015000000000004,29.394,-157.8027452319991,-3.810674802824201,-3.5514990173819307,-2.236917292472055,-14.266297887963322,-8.432386744083527,-5.44713283201218,-19.91534640109509,-10.535279679358306,-6.29723794352503,9.857244797609523,5.669055185540585
2.83,-5.157,5.526,6.383,0.91919,0.27814,0.21582,30.004,29.361000000000004,-157.8071101959991,-3.863604980999291,-3.5005744229239664,-2.2704648218499783,-14.304933937773315,-8.467392488312766,-5.469837480230679,-20.05839574047282,-10.619953604241433,-6.351936318327336,9.893129636267787,5.686516969717952
