timestamp,AccX,AccY,AccZ,AngX,AngY,AngZ,Q0,Q1,Q2,Q3
1745239743.5603526,6.838,-1.604,7.187,-18.364,-45.791,-100.179,0.53375,-0.38873,-0.13394,-0.73886
1745239743.583756,6.838,-1.604,7.187,-18.386,-45.802,-100.135,0.53375,-0.38873,-0.13394,-0.73886
1745239743.583756,6.895,-1.647,7.178,-18.402,-45.807,-100.096,0.53375,-0.38873,-0.13394,-0.73886
1745239743.583756,6.895,-1.647,7.178,-18.413,-45.818,-100.058,0.53375,-0.38873,-0.13394,-0.73886
1745239743.5847573,7.092,-1.609,7.211,-18.424,-45.835,-100.02,0.53375,-0.38873,-0.13394,-0.73886
1745239743.5847573,7.092,-1.609,7.211,-18.43,-45.857,-99.976,0.53375,-0.38873,-0.13394,-0.73886
1745239743.585756,7.293,-1.647,7.341,-18.43,-45.879,-99.937,0.53375,-0.38873,-0.13394,-0.73886
1745239743.585756,7.293,-1.647,7.341,-18.424,-45.895,-99.893,0.53375,-0.38873,-0.13394,-0.73886
1745239743.6442401,7.661,-1.523,7.566,-18.419,-45.906,-99.855,0.53375,-0.38873,-0.13394,-0.73886
1745239743.646246,7.661,-1.523,7.566,-18.413,-45.917,-99.822,0.53375,-0.38873,-0.13394,-0.73886
1745239743.6474657,7.781,-1.369,7.805,-18.413,-45.917,-99.789,0.53375,-0.38873,-0.13394,-0.73886
1745239743.6482377,7.781,-1.369,7.805,-18.419,-45.906,-99.756,0.53375,-0.38873,-0.13394,-0.73886
1745239743.704788,7.906,-1.159,7.977,-18.413,-45.912,-99.734,0.53793,-0.38934,-0.13538,-0.73526
1745239743.753377,7.906,-1.159,7.977,-18.408,-45.928,-99.717,0.53793,-0.38934,-0.13538,-0.73526
1745239743.753377,8.27,-0.814,8.341,-18.386,-45.945,-99.723,0.53793,-0.38934,-0.13538,-0.73526
1745239743.754365,8.27,-0.814,8.341,-18.347,-45.967,-99.745,0.53793,-0.38934,-0.13538,-0.73526
1745239743.7553759,8.71,-0.508,8.509,-18.276,-45.961,-99.811,0.53793,-0.38934,-0.13538,-0.73526
1745239743.7553759,8.71,-0.508,8.509,-18.182,-45.939,-99.915,0.53793,-0.38934,-0.13538,-0.73526
1745239743.7563782,8.504,-0.35,8.365,-18.051,-45.906,-100.069,0.53793,-0.38934,-0.13538,-0.73526
1745239743.7563782,8.504,-0.35,8.365,-17.869,-45.857,-100.267,0.53793,-0.38934,-0.13538,-0.73526
1745239743.764363,8.729,0.038,8.475,-17.655,-45.824,-100.525,0.53793,-0.38934,-0.13538,-0.73526
1745239743.7653663,8.729,0.038,8.475,-17.397,-45.813,-100.833,0.53793,-0.38934,-0.13538,-0.73526
1745239743.7653663,9.261,0.713,8.605,-17.089,-45.78,-101.223,0.53793,-0.38934,-0.13538,-0.73526
1745239743.7663715,9.261,0.713,8.605,-16.727,-45.725,-101.689,0.53793,-0.38934,-0.13538,-0.73526
1745239743.7939513,9.036,1.355,8.495,-16.32,-45.632,-102.228,0.53793,-0.38934,-0.13538,-0.73526
1745239743.7959473,9.036,1.355,8.495,-15.864,-45.505,-102.843,0.53793,-0.38934,-0.13538,-0.73526
1745239743.7969472,8.863,1.561,8.174,-15.375,-45.396,-103.491,0.52673,-0.37775,-0.13947,-0.74854
1745239743.7979527,8.863,1.561,8.174,-14.843,-45.308,-104.189,0.52673,-0.37775,-0.13947,-0.74854
1745239743.853908,9.112,1.341,7.843,-14.277,-45.275,-104.903,0.52673,-0.37775,-0.13947,-0.74854
1745239744.0083773,9.112,1.341,7.843,-13.672,-45.297,-105.65,0.52673,-0.37775,-0.13947,-0.74854
1745239744.0093803,9.548,0.666,7.781,-13.019,-45.363,-106.441,0.52673,-0.37775,-0.13947,-0.74854
1745239744.010376,9.548,0.666,7.781,-12.316,-45.478,-107.276,0.52673,-0.37775,-0.13947,-0.74854
1745239744.0113783,9.926,0.168,7.532,-11.492,-45.626,-108.259,0.52673,-0.37775,-0.13947,-0.74854
1745239744.0123746,9.926,0.168,7.532,-10.668,-45.769,-109.248,0.52673,-0.37775,-0.13947,-0.74854
1745239744.013381,10.113,-0.249,7.207,-9.772,-45.873,-110.319,0.52673,-0.37775,-0.13947,-0.74854
1745239744.014376,10.113,-0.249,7.207,-8.811,-45.939,-111.484,0.52673,-0.37775,-0.13947,-0.74854
1745239744.014376,9.409,-0.584,6.981,-7.723,-45.884,-112.808,0.52673,-0.37775,-0.13947,-0.74854
1745239744.015378,9.409,-0.584,6.981,-6.652,-45.813,-114.126,0.52673,-0.37775,-0.13947,-0.74854
1745239744.015378,9.06,-0.555,7.077,-5.488,-45.632,-115.549,0.52673,-0.37775,-0.13947,-0.74854
1745239744.015378,9.06,-0.555,7.077,-4.345,-45.428,-116.955,0.52673,-0.37775,-0.13947,-0.74854
1745239744.0163755,8.289,-0.532,7.173,-3.082,-45.126,-118.466,0.52673,-0.37775,-0.13947,-0.74854
1745239744.0173817,8.289,-0.532,7.173,-1.851,-44.808,-119.949,0.52673,-0.37775,-0.13947,-0.74854
1745239744.018376,7.183,-0.436,7.264,-0.516,-44.511,-121.525,0.52673,-0.37775,-0.13947,-0.74854
1745239744.018376,7.183,-0.436,7.264,0.791,-44.187,-123.085,0.52673,-0.37775,-0.13947,-0.74854
1745239744.0193787,7.13,-0.105,7.096,2.142,-43.896,-124.7,0.52673,-0.37775,-0.13947,-0.74854
1745239744.0193787,7.13,-0.105,7.096,3.466,-43.577,-126.293,0.52673,-0.37775,-0.13947,-0.74854
1745239744.0206654,7.125,0.555,6.804,4.73,-43.16,-127.842,0.52673,-0.37775,-0.13947,-0.74854
1745239744.0206654,7.125,0.555,6.804,5.966,-42.72,-129.364,0.52673,-0.37775,-0.13947,-0.74854
1745239744.0328586,6.211,0.785,6.79,7.103,-42.209,-130.748,0.52673,-0.37775,-0.13947,-0.74854
1745239744.0338595,6.211,0.785,6.79,8.212,-41.677,-132.105,0.52673,-0.37775,-0.13947,-0.74854
1745239744.0338595,5.698,1.202,7.101,9.223,-41.149,-133.336,0.52673,-0.37775,-0.13947,-0.74854
1745239744.0338595,5.698,1.202,7.101,10.212,-40.605,-134.539,0.52673,-0.37775,-0.13947,-0.74854
1745239744.1242924,5.516,1.652,7.317,11.069,-40.078,-135.621,0.52673,-0.37775,-0.13947,-0.74854
1745239744.1583009,5.516,1.652,7.317,11.909,-39.534,-136.681,0.38089,-0.27908,-0.21381,-0.8551
1745239744.159551,4.788,2.121,7.326,12.64,-39.056,-137.637,0.38089,-0.27908,-0.21381,-0.8551
1745239744.160295,4.788,2.121,7.326,13.359,-38.568,-138.576,0.38089,-0.27908,-0.21381,-0.8551
1745239744.1612935,4.424,2.61,7.513,13.986,-38.26,-139.466,0.38089,-0.27908,-0.21381,-0.8551
1745239744.1622972,4.424,2.61,7.513,14.606,-37.936,-140.339,0.38089,-0.27908,-0.21381,-0.8551
1745239744.1632903,5.435,2.935,7.934,15.106,-37.749,-141.141,0.38089,-0.27908,-0.21381,-0.8551
1745239744.1632903,5.435,2.935,7.934,15.601,-37.546,-141.932,0.38089,-0.27908,-0.21381,-0.8551
1745239744.1642926,6.613,2.978,8.289,15.936,-37.277,-142.548,0.38089,-0.27908,-0.21381,-0.8551
1745239744.1652915,6.613,2.978,8.289,16.26,-37.002,-143.157,0.38089,-0.27908,-0.21381,-0.8551
1745239744.1672919,5.473,2.222,8.207,16.512,-36.617,-143.591,0.38089,-0.27908,-0.21381,-0.8551
1745239744.1682947,5.473,2.222,8.207,16.76,-36.238,-144.014,0.38089,-0.27908,-0.21381,-0.8551
1745239744.2141833,5.076,2.217,7.997,17.018,-35.909,-144.41,0.38089,-0.27908,-0.21381,-0.8551
1745239744.2151866,5.076,2.217,7.997,17.271,-35.585,-144.805,0.38089,-0.27908,-0.21381,-0.8551
1745239744.2161844,6.292,2.437,8.255,17.457,-35.167,-145.14,0.38089,-0.27908,-0.21381,-0.8551
1745239744.2171836,6.292,2.437,8.255,17.644,-34.755,-145.47,0.38089,-0.27908,-0.21381,-0.8551
1745239744.2438889,5.464,1.949,8.183,17.798,-34.195,-145.701,0.38089,-0.27908,-0.21381,-0.8551
1745239744.2947695,5.464,1.949,8.183,17.941,-33.635,-145.931,0.38089,-0.27908,-0.21381,-0.8551
1745239744.2947695,4.281,1.676,8.016,18.133,-33.058,-146.129,0.38089,-0.27908,-0.21381,-0.8551
1745239744.2957697,4.281,1.676,8.016,18.325,-32.476,-146.316,0.38089,-0.27908,-0.21381,-0.8551
1745239744.303841,4.372,2.255,7.36,18.572,-31.954,-146.547,0.38089,-0.27908,-0.21381,-0.8551
1745239744.304842,4.372,2.255,7.36,18.814,-31.426,-146.766,0.38089,-0.27908,-0.21381,-0.8551
1745239744.304842,4.061,2.557,6.785,19.094,-30.855,-146.964,0.38089,-0.27908,-0.21381,-0.8551
1745239744.3058405,4.061,2.557,6.785,19.374,-30.284,-147.156,0.38089,-0.27908,-0.21381,-0.8551
1745239744.3344257,3.136,2.04,6.967,19.677,-29.63,-147.272,0.38089,-0.27908,-0.21381,-0.8551
1745239744.3360856,3.136,2.04,6.967,19.979,-28.971,-147.382,0.38089,-0.27908,-0.21381,-0.8551
1745239744.3360856,2.686,2.169,6.886,20.325,-28.334,-147.469,0.38089,-0.27908,-0.21381,-0.8551
1745239744.337084,2.686,2.169,6.886,20.671,-27.697,-147.557,0.38089,-0.27908,-0.21381,-0.8551
1745239744.3639486,2.212,2.753,6.713,21.044,-27.136,-147.673,0.30759,-0.1748,-0.23386,-0.90555
1745239744.4154768,2.212,2.753,6.713,21.418,-26.576,-147.788,0.30759,-0.1748,-0.23386,-0.90555
1745239744.4154768,1.935,2.662,6.728,21.813,-26.136,-147.931,0.30759,-0.1748,-0.23386,-0.90555
1745239744.4164732,1.935,2.662,6.728,22.203,-25.686,-148.074,0.30759,-0.1748,-0.23386,-0.90555
1745239744.4174764,2.083,3.443,7.087,22.549,-25.269,-148.134,0.30759,-0.1748,-0.23386,-0.90555
1745239744.4184785,2.083,3.443,7.087,22.896,-24.846,-148.2,0.30759,-0.1748,-0.23386,-0.90555
1745239744.4187906,1.767,4.247,7.01,23.159,-24.406,-148.156,0.30759,-0.1748,-0.23386,-0.90555
1745239744.4187906,1.767,4.247,7.01,23.423,-23.967,-148.112,0.30759,-0.1748,-0.23386,-0.90555
1745239744.4838648,1.006,4.831,6.531,23.67,-23.67,-148.123,0.30759,-0.1748,-0.23386,-0.90555
1745239744.5182219,1.006,4.831,6.531,23.923,-23.373,-148.134,0.30759,-0.1748,-0.23386,-0.90555
1745239744.5188677,1.097,5.492,6.867,24.142,-23.275,-148.25,0.30759,-0.1748,-0.23386,-0.90555
1745239744.5188677,1.097,5.492,6.867,24.368,-23.176,-148.365,0.30759,-0.1748,-0.23386,-0.90555
1745239744.5208704,2.5,5.152,7.317,24.532,-23.143,-148.508,0.30759,-0.1748,-0.23386,-0.90555
1745239744.5208704,2.5,5.152,7.317,24.703,-23.115,-148.651,0.30759,-0.1748,-0.23386,-0.90555
1745239744.522223,3.505,4.683,8.054,24.763,-23.038,-148.755,0.30759,-0.1748,-0.23386,-0.90555
1745239744.5228677,3.505,4.683,8.054,24.829,-22.967,-148.859,0.30759,-0.1748,-0.23386,-0.90555
1745239744.5242205,2.95,3.721,7.925,24.829,-22.956,-148.997,0.30759,-0.1748,-0.23386,-0.90555
1745239744.5248644,2.95,3.721,7.925,24.829,-22.945,-149.134,0.30759,-0.1748,-0.23386,-0.90555
1745239744.52587,3.151,1.968,7.556,24.857,-23.011,-149.365,0.29501,-0.13168,-0.25482,-0.91138
1745239744.526873,3.151,1.968,7.556,24.873,-23.077,-149.595,0.29501,-0.13168,-0.25482,-0.91138
1745239744.5740042,2.873,1.398,7.954,24.89,-22.994,-149.788,0.29501,-0.13168,-0.25482,-0.91138
1745239744.5760002,2.873,1.398,7.954,24.901,-22.917,-149.98,0.29501,-0.13168,-0.25482,-0.91138
1745239744.577002,2.174,2.073,8.882,24.846,-22.637,-150.035,0.29501,-0.13168,-0.25482,-0.91138
1745239744.578006,2.174,2.073,8.882,24.785,-22.357,-150.095,0.29501,-0.13168,-0.25482,-0.91138
1745239744.6037767,0.967,2.787,9.433,24.659,-22.061,-150.095,0.29501,-0.13168,-0.25482,-0.91138
1745239744.6567838,0.967,2.787,9.433,24.532,-21.758,-150.095,0.29501,-0.13168,-0.25482,-0.91138
1745239744.6567838,1.015,2.921,9.596,24.357,-21.577,-150.095,0.29501,-0.13168,-0.25482,-0.91138
1745239744.657774,1.015,2.921,9.596,24.186,-21.385,-150.095,0.29501,-0.13168,-0.25482,-0.91138
1745239744.6587722,1.255,2.926,9.629,24.016,-21.335,-150.079,0.29501,-0.13168,-0.25482,-0.91138
1745239744.6597748,1.255,2.926,9.629,23.846,-21.286,-150.062,0.29501,-0.13168,-0.25482,-0.91138
1745239744.660781,1.068,2.624,9.385,23.708,-21.39,-150.051,0.29501,-0.13168,-0.25482,-0.91138
1745239744.6617744,1.068,2.624,9.385,23.566,-21.495,-150.046,0.29501,-0.13168,-0.25482,-0.91138
1745239744.6931057,1.111,3.036,9.146,23.417,-21.725,-150.09,0.29501,-0.13168,-0.25482,-0.91138
1745239744.6931057,1.111,3.036,9.146,23.264,-21.956,-150.134,0.29501,-0.13168,-0.25482,-0.91138
1745239744.6941037,2.638,3.457,8.528,23.088,-22.269,-150.255,0.29501,-0.13168,-0.25482,-0.91138
1745239744.6941037,2.638,3.457,8.528,22.923,-22.582,-150.37,0.29501,-0.13168,-0.25482,-0.91138
1745239744.7238898,3.778,2.959,8.437,22.769,-22.846,-150.485,0.29501,-0.13168,-0.25482,-0.91138
1745239744.7578936,3.778,2.959,8.437,22.621,-23.11,-150.595,0.29501,-0.13168,-0.25482,-0.91138
1745239744.7588959,4.19,2.835,8.346,22.5,-23.291,-150.716,0.29501,-0.13168,-0.25482,-0.91138
1745239744.7598984,4.19,2.835,8.346,22.385,-23.472,-150.837,0.28088,-0.14322,-0.23492,-0.9194
1745239744.7608933,3.735,3.476,8.097,22.302,-23.588,-150.969,0.28088,-0.14322,-0.23492,-0.9194
1745239744.761896,3.735,3.476,8.097,22.22,-23.703,-151.1,0.28088,-0.14322,-0.23492,-0.9194
1745239744.762894,3.931,4.099,8.303,22.154,-23.769,-151.282,0.28088,-0.14322,-0.23492,-0.9194
1745239744.763894,3.931,4.099,8.303,22.094,-23.84,-151.458,0.28088,-0.14322,-0.23492,-0.9194
1745239744.814017,3.946,3.692,8.188,22.077,-23.912,-151.732,0.28088,-0.14322,-0.23492,-0.9194
1745239744.8150198,3.946,3.692,8.188,22.066,-23.978,-152.001,0.28088,-0.14322,-0.23492,-0.9194
1745239744.8160255,3.462,3.376,7.719,22.115,-24.088,-152.386,0.28088,-0.14322,-0.23492,-0.9194
1745239744.8170261,3.462,3.376,7.719,22.176,-24.197,-152.776,0.28088,-0.14322,-0.23492,-0.9194
1745239744.843598,3.701,3.63,7.896,22.242,-24.269,-153.204,0.28088,-0.14322,-0.23492,-0.9194
1745239744.9043868,3.701,3.63,7.896,22.313,-24.34,-153.627,0.28088,-0.14322,-0.23492,-0.9194
1745239744.9053879,4.386,4.199,8.514,22.335,-24.203,-154.023,0.28088,-0.14322,-0.23492,-0.9194
1745239744.9053879,4.386,4.199,8.514,22.357,-24.066,-154.413,0.28088,-0.14322,-0.23492,-0.9194
1745239744.9063962,2.787,3.778,8.849,22.352,-23.862,-154.814,0.28088,-0.14322,-0.23492,-0.9194
1745239744.9073887,2.787,3.778,8.849,22.341,-23.654,-155.209,0.28088,-0.14322,-0.23492,-0.9194
1745239744.9073887,2.519,3.256,9.658,22.379,-23.621,-155.687,0.28088,-0.14322,-0.23492,-0.9194
1745239744.908388,2.519,3.256,9.658,22.418,-23.577,-156.165,0.28088,-0.14322,-0.23492,-0.9194
1745239744.9343,3.093,3.247,10.29,22.505,-23.61,-156.676,0.28088,-0.14322,-0.23492,-0.9194
1745239744.9353147,3.093,3.247,10.29,22.588,-23.637,-157.187,0.28088,-0.14322,-0.23492,-0.9194
1745239744.9372993,3.654,3.553,10.439,22.709,-23.549,-157.659,0.28088,-0.14322,-0.23492,-0.9194
1745239744.9372993,3.654,3.553,10.439,22.83,-23.467,-158.132,0.28088,-0.14322,-0.23492,-0.9194
1745239744.9646199,2.227,2.954,10.606,22.95,-23.247,-158.527,0.28088,-0.14322,-0.23492,-0.9194
1745239744.9969707,2.227,2.954,10.606,23.071,-23.027,-158.923,0.28088,-0.14322,-0.23492,-0.9194
1745239744.9976175,1.288,2.284,10.396,23.187,-22.923,-159.313,0.28088,-0.14322,-0.23492,-0.9194
1745239744.9986296,1.288,2.284,10.396,23.297,-22.813,-159.697,0.21164,-0.1561,-0.2287,-0.93723
1745239744.9986296,1.676,1.561,10.458,23.373,-22.577,-159.955,0.21164,-0.1561,-0.2287,-0.93723
1745239744.9996173,-8.399,-0.034,13.834,23.676,-22.522,-160.021,0.21164,-0.1561,-0.2287,-0.93723
1745239745.0006652,-33.61,-0.134,55.335,24.175,-22.582,-159.89,0.21164,-0.1561,-0.2287,-0.93723
1745239745.0016212,4.204,3.73,7.226,24.516,-23.181,-160.12,0.21164,-0.1561,-0.2287,-0.93723
1745239745.0546236,4.204,3.73,7.226,24.747,-24.395,-160.73,0.21164,-0.1561,-0.2287,-0.93723
1745239745.0566225,7.853,3.433,5.818,24.681,-24.84,-160.983,0.21164,-0.1561,-0.2287,-0.93723
1745239745.0572696,7.853,3.433,5.818,24.324,-24.527,-160.884,0.21164,-0.1561,-0.2287,-0.93723
1745239745.0582743,2.116,2.849,6.656,23.846,-24.099,-160.719,0.21164,-0.1561,-0.2287,-0.93723
1745239745.0842676,2.116,2.849,6.656,23.253,-23.555,-160.499,0.21164,-0.1561,-0.2287,-0.93723
1745239745.136256,4.606,4.013,5.784,22.747,-23.121,-160.367,0.21164,-0.1561,-0.2287,-0.93723
1745239745.1372519,4.606,4.013,5.784,22.33,-22.808,-160.334,0.21164,-0.1561,-0.2287,-0.93723
1745239745.1372519,3.979,4.492,8.016,22.126,-22.346,-160.236,0.21164,-0.1561,-0.2287,-0.93723
1745239745.1740744,3.979,4.492,8.016,22.132,-21.731,-160.087,0.21164,-0.1561,-0.2287,-0.93723
1745239745.1760824,0.316,5.157,9.706,22.187,-21.154,-159.906,0.21164,-0.1561,-0.2287,-0.93723
1745239745.1770754,0.316,5.157,9.706,22.28,-20.61,-159.703,0.21164,-0.1561,-0.2287,-0.93723
1745239745.1790738,2.816,4.415,10.942,22.396,-20.264,-159.598,0.21164,-0.1561,-0.2287,-0.93723
1745239745.1790738,2.816,4.415,10.942,22.533,-20.121,-159.587,0.21164,-0.1561,-0.2287,-0.93723
1745239745.1810741,4.654,4.626,10.42,22.703,-19.924,-159.653,0.21164,-0.1561,-0.2287,-0.93723
1745239745.1810741,4.654,4.626,10.42,22.906,-19.666,-159.796,0.21164,-0.1561,-0.2287,-0.93723
1745239745.1830735,1.911,5.195,9.404,23.104,-19.451,-159.939,0.21164,-0.1561,-0.2287,-0.93723
1745239745.2049837,1.911,5.195,9.404,23.302,-19.259,-160.076,0.21164,-0.1561,-0.2287,-0.93723
1745239745.2397695,2.638,5.205,8.519,23.478,-19.122,-160.186,0.21164,-0.1561,-0.2287,-0.93723
1745239745.2427676,2.638,5.205,8.519,23.643,-19.034,-160.263,0.21164,-0.1561,-0.2287,-0.93723
1745239745.24377,-0.153,4.855,8.571,23.676,-18.984,-160.356,0.19879,-0.12479,-0.22678,-0.94519
1745239745.293608,-0.153,4.855,8.571,23.571,-18.968,-160.466,0.19879,-0.12479,-0.22678,-0.94519
1745239745.2956028,2.346,3.534,8.226,23.467,-19.023,-160.653,0.19879,-0.12479,-0.22678,-0.94519
1745239745.2966027,2.346,3.534,8.226,23.357,-19.149,-160.917,0.19879,-0.12479,-0.22678,-0.94519
1745239745.2976027,4.056,2.586,9.821,23.357,-19.105,-161.082,0.19879,-0.12479,-0.22678,-0.94519
1745239745.2986066,4.056,2.586,9.821,23.467,-18.896,-161.147,0.19879,-0.12479,-0.22678,-0.94519
1745239745.2996075,3.591,5.21,8.246,23.544,-18.649,-161.186,0.19879,-0.12479,-0.22678,-0.94519
1745239745.3006027,3.591,5.21,8.246,23.593,-18.358,-161.191,0.19879,-0.12479,-0.22678,-0.94519
1745239745.3016093,1.264,4.894,8.121,23.714,-18.094,-161.169,0.19879,-0.12479,-0.22678,-0.94519
1745239745.3236022,1.264,4.894,8.121,23.901,-17.853,-161.125,0.19879,-0.12479,-0.22678,-0.94519
1745239745.366608,1.978,5.44,8.179,24.109,-17.699,-161.076,0.19879,-0.12479,-0.22678,-0.94519
1745239745.366608,1.978,5.44,8.179,24.329,-17.633,-161.032,0.19879,-0.12479,-0.22678,-0.94519
1745239745.3676062,1.872,5.497,8.226,24.51,-17.545,-160.961,0.19879,-0.12479,-0.22678,-0.94519
1745239745.4133327,1.872,5.497,8.226,24.642,-17.43,-160.862,0.19879,-0.12479,-0.22678,-0.94519
1745239745.4146771,1.346,5.301,7.977,24.758,-17.347,-160.768,0.19879,-0.12479,-0.22678,-0.94519
1745239745.4153337,1.346,5.301,7.977,24.862,-17.303,-160.686,0.19879,-0.12479,-0.22678,-0.94519
1745239745.4153337,2.049,5.282,7.968,24.933,-17.303,-160.659,0.19879,-0.12479,-0.22678,-0.94519
1745239745.4739206,2.049,5.282,7.968,24.966,-17.353,-160.675,0.19879,-0.12479,-0.22678,-0.94519
1745239745.5041022,2.777,5.148,6.958,24.999,-17.446,-160.746,0.19879,-0.12479,-0.22678,-0.94519
1745239745.5051093,2.777,5.148,6.958,25.032,-17.589,-160.878,0.19879,-0.12479,-0.22678,-0.94519
1745239745.506109,3.711,5.387,7.12,25.104,-17.737,-161.027,0.1925,-0.11234,-0.23615,-0.94577
1745239745.507104,3.711,5.387,7.12,25.219,-17.897,-161.202,0.1925,-0.11234,-0.23615,-0.94577
1745239745.507104,4.286,5.306,7.518,25.351,-17.968,-161.334,0.1925,-0.11234,-0.23615,-0.94577
1745239745.5091,4.286,5.306,7.518,25.494,-17.957,-161.433,0.1925,-0.11234,-0.23615,-0.94577
1745239745.5101037,2.346,5.593,7.934,25.642,-17.908,-161.521,0.1925,-0.11234,-0.23615,-0.94577
1745239745.5101037,2.346,5.593,7.934,25.79,-17.814,-161.603,0.1925,-0.11234,-0.23615,-0.94577
1745239745.5111098,2.002,5.157,8.485,25.944,-17.776,-161.746,0.1925,-0.11234,-0.23615,-0.94577
1745239745.5121033,2.002,5.157,8.485,26.115,-17.803,-161.944,0.1925,-0.11234,-0.23615,-0.94577
1745239745.5121033,2.863,4.697,8.519,26.285,-17.847,-162.186,0.1925,-0.11234,-0.23615,-0.94577
1745239745.533104,2.863,4.697,8.519,26.455,-17.924,-162.477,0.1925,-0.11234,-0.23615,-0.94577
1745239745.534299,3.237,4.899,8.246,26.614,-17.985,-162.773,0.1925,-0.11234,-0.23615,-0.94577
1745239745.5350983,3.237,4.899,8.246,26.774,-18.04,-163.081,0.1925,-0.11234,-0.23615,-0.94577
1745239745.5361044,3.108,4.784,8.145,26.927,-18.045,-163.367,0.1925,-0.11234,-0.23615,-0.94577
1745239745.5650535,3.108,4.784,8.145,27.07,-18.001,-163.641,0.1925,-0.11234,-0.23615,-0.94577
1745239745.5660532,2.571,5.085,7.671,27.219,-17.913,-163.894,0.1925,-0.11234,-0.23615,-0.94577
1745239745.567059,2.571,5.085,7.671,27.367,-17.792,-164.114,0.1698,-0.11688,-0.25177,-0.94553
1745239745.5680594,1.58,5.21,7.958,27.504,-17.682,-164.339,0.1698,-0.11688,-0.25177,-0.94553
1745239745.6538007,1.58,5.21,7.958,27.625,-17.595,-164.564,0.1698,-0.11688,-0.25177,-0.94553
1745239745.7217863,2.26,5.358,8.193,27.735,-17.545,-164.822,0.1698,-0.11688,-0.25177,-0.94553
1745239745.7227852,2.26,5.358,8.193,27.834,-17.545,-165.119,0.1698,-0.11688,-0.25177,-0.94553
1745239745.7237816,2.131,5.32,8.294,27.911,-17.518,-165.388,0.1698,-0.11688,-0.25177,-0.94553
1745239745.7237816,2.131,5.32,8.294,27.977,-17.463,-165.624,0.1698,-0.11688,-0.25177,-0.94553
1745239745.7247844,1.437,5.119,8.595,28.037,-17.419,-165.85,0.1698,-0.11688,-0.25177,-0.94553
1745239745.7257853,1.437,5.119,8.595,28.103,-17.386,-166.064,0.1698,-0.11688,-0.25177,-0.94553
1745239745.7267957,1.748,4.899,8.993,28.158,-17.375,-166.278,0.1698,-0.11688,-0.25177,-0.94553
1745239745.7267957,1.748,4.899,8.993,28.213,-17.386,-166.487,0.1698,-0.11688,-0.25177,-0.94553
1745239745.7287858,2.61,4.65,8.485,28.268,-17.402,-166.69,0.1698,-0.11688,-0.25177,-0.94553
1745239745.7297852,2.61,4.65,8.485,28.323,-17.419,-166.899,0.1698,-0.11688,-0.25177,-0.94553
1745239745.7297852,2.284,4.812,8.471,28.372,-17.402,-167.08,0.1698,-0.11688,-0.25177,-0.94553
1745239745.7433512,2.284,4.812,8.471,28.427,-17.342,-167.239,0.1698,-0.11688,-0.25177,-0.94553
1745239745.7453542,2.045,4.918,8.954,28.499,-17.287,-167.404,0.1698,-0.11688,-0.25177,-0.94553
1745239745.746354,2.045,4.918,8.954,28.586,-17.243,-167.563,0.1698,-0.11688,-0.25177,-0.94553
1745239745.7477064,2.385,5.363,8.825,28.674,-17.221,-167.734,0.1698,-0.11688,-0.25177,-0.94553
1745239745.7743602,2.385,5.363,8.825,28.762,-17.232,-167.915,0.1698,-0.11688,-0.25177,-0.94553
1745239745.8090103,2.126,4.927,8.768,28.878,-17.232,-168.085,0.1698,-0.11688,-0.25177,-0.94553
1745239745.8113627,2.126,4.927,8.768,29.009,-17.232,-168.256,0.1698,-0.11688,-0.25177,-0.94553
1745239745.8120103,2.164,4.889,8.097,29.147,-17.232,-168.42,0.13458,-0.11905,-0.26166,-0.94824
1745239745.8130145,2.164,4.889,8.097,29.279,-17.232,-168.58,0.13458,-0.11905,-0.26166,-0.94824
1745239745.8140152,2.365,4.822,7.456,29.405,-17.243,-168.755,0.13458,-0.11905,-0.26166,-0.94824
1745239745.8150096,2.365,4.822,7.456,29.526,-17.265,-168.942,0.13458,-0.11905,-0.26166,-0.94824
1745239745.8160114,2.591,4.999,7.47,29.647,-17.287,-169.146,0.13458,-0.11905,-0.26166,-0.94824
1745239745.8945649,2.591,4.999,7.47,29.767,-17.314,-169.365,0.13458,-0.11905,-0.26166,-0.94824
1745239745.9518805,2.136,5.411,7.46,29.877,-17.32,-169.552,0.13458,-0.11905,-0.26166,-0.94824
1745239745.953878,2.136,5.411,7.46,29.976,-17.303,-169.711,0.13458,-0.11905,-0.26166,-0.94824
1745239745.9548838,1.379,5.013,7.623,30.075,-17.292,-169.86,0.13458,-0.11905,-0.26166,-0.94824
1745239745.9558806,1.379,5.013,7.623,30.163,-17.287,-169.991,0.13458,-0.11905,-0.26166,-0.94824
1745239745.956879,1.456,4.956,7.709,30.24,-17.298,-170.129,0.13458,-0.11905,-0.26166,-0.94824
1745239745.958879,1.456,4.956,7.709,30.295,-17.331,-170.266,0.13458,-0.11905,-0.26166,-0.94824
1745239745.959881,1.585,5.028,6.967,30.317,-17.38,-170.403,0.13458,-0.11905,-0.26166,-0.94824
1745239745.9608831,1.585,5.028,6.967,30.306,-17.441,-170.541,0.13458,-0.11905,-0.26166,-0.94824
1745239745.9618888,1.202,4.535,6.546,30.262,-17.534,-170.667,0.13458,-0.11905,-0.26166,-0.94824
1745239745.9628782,1.202,4.535,6.546,30.185,-17.655,-170.782,0.13458,-0.11905,-0.26166,-0.94824
1745239745.9628782,0.915,4.472,6.172,30.07,-17.798,-170.859,0.13458,-0.11905,-0.26166,-0.94824
1745239746.0143425,0.915,4.472,6.172,29.927,-17.968,-170.892,0.13458,-0.11905,-0.26166,-0.94824
1745239746.0353467,0.757,3.989,5.377,29.729,-18.133,-170.859,0.13458,-0.11905,-0.26166,-0.94824
1745239746.0363374,0.757,3.989,5.377,29.476,-18.298,-170.755,0.13458,-0.11905,-0.26166,-0.94824
1745239746.0373452,-0.244,3.218,4.391,29.169,-18.49,-170.612,0.13458,-0.11905,-0.26166,-0.94824
1745239746.0373452,-0.244,3.218,4.391,28.801,-18.71,-170.431,0.13458,-0.11905,-0.26166,-0.94824
1745239746.0383465,-0.967,2.246,3.237,28.367,-19.034,-170.217,0.13458,-0.11905,-0.26166,-0.94824
1745239746.0393445,-0.967,2.246,3.237,27.861,-19.462,-169.98,0.13458,-0.11905,-0.26166,-0.94824
1745239746.0403402,-0.713,1.427,1.939,27.241,-19.979,-169.673,0.12405,-0.1427,-0.2507,-0.94937
1745239746.0433404,-0.354,0.713,0.967,26.499,-20.594,-169.294,0.12405,-0.1427,-0.2507,-0.94937
1745239746.0443397,-1.599,-0.187,0.67,25.604,-21.281,-168.783,0.12405,-0.1427,-0.2507,-0.94937
1745239746.0453444,-1.599,-0.187,0.67,24.532,-22.028,-168.124,0.12405,-0.1427,-0.2507,-0.94937
1745239746.0453444,-1.939,-1.369,0.201,23.258,-22.896,-167.316,0.12405,-0.1427,-0.2507,-0.94937
1745239746.134479,-1.939,-1.369,0.201,21.769,-23.862,-166.344,0.12405,-0.1427,-0.2507,-0.94937
1745239746.3166323,-1.188,-2.614,0.369,20.061,-24.906,-165.19,0.12405,-0.1427,-0.2507,-0.94937
1745239746.331917,-1.188,-2.614,0.369,18.116,-26.01,-163.839,0.12405,-0.1427,-0.2507,-0.94937
1745239746.331917,-1.379,-4.602,-0.134,15.705,-27.279,-162.12,0.12405,-0.1427,-0.2507,-0.94937
1745239746.3329124,-1.379,-4.602,-0.134,13.167,-28.466,-160.302,0.12405,-0.1427,-0.2507,-0.94937
1745239746.3339107,-1.077,-6.943,-1.188,10.058,-29.844,-158.06,0.12405,-0.1427,-0.2507,-0.94937
1745239746.3339107,-1.077,-6.943,-1.188,6.724,-31.119,-155.621,0.12405,-0.1427,-0.2507,-0.94937
1745239746.3339107,-0.871,-9.251,-2.471,2.664,-32.591,-152.54,0.12405,-0.1427,-0.2507,-0.94937
1745239746.3349218,-0.871,-9.251,-2.471,-1.631,-33.992,-149.161,0.12405,-0.1427,-0.2507,-0.94937
1745239746.3359106,-0.862,-13.02,-3.366,-6.658,-35.579,-145.003,0.12405,-0.1427,-0.2507,-0.94937
1745239746.3359106,-0.862,-13.02,-3.366,-11.904,-36.909,-140.609,0.12405,-0.1427,-0.2507,-0.94937
1745239746.3369174,1.58,-18.603,-2.749,-17.908,-38.018,-135.363,0.12405,-0.1427,-0.2507,-0.94937
1745239746.3369174,1.58,-18.603,-2.749,-24.06,-38.694,-129.974,0.12405,-0.1427,-0.2507,-0.94937
1745239746.3379178,4.166,-23.329,-1.614,-30.63,-38.732,-124.014,0.12405,-0.1427,-0.2507,-0.94937
1745239746.3379178,4.166,-23.329,-1.614,-37.106,-38.254,-118.147,0.12405,-0.1427,-0.2507,-0.94937
1745239746.338919,5.018,-27.476,-2.351,-43.632,-37.172,-112.006,0.12405,-0.1427,-0.2507,-0.94937
1745239746.338919,5.018,-27.476,-2.351,-49.828,-35.568,-106.199,0.12405,-0.1427,-0.2507,-0.94937
1745239746.338919,3.61,-32.829,-5.411,-55.712,-33.673,-100.289,0.12405,-0.1427,-0.2507,-0.94937
1745239746.3399177,3.61,-32.829,-5.411,-61.172,-31.317,-94.807,0.12405,-0.1427,-0.2507,-0.94937
1745239746.3399177,4.688,-38.274,-8.571,-66.011,-28.993,-89.297,0.12405,-0.1427,-0.2507,-0.94937
1745239746.3409185,4.688,-38.274,-8.571,-70.455,-26.301,-84.172,0.12405,-0.1427,-0.2507,-0.94937
1745239746.3409185,13.503,-44.259,-9.606,-74.136,-23.912,-79.03,0.12405,-0.1427,-0.2507,-0.94937
1745239746.3419142,13.503,-44.259,-9.606,-77.487,-21.264,-74.18,0.12405,-0.1427,-0.2507,-0.94937
1745239746.3429203,20.973,-46.385,-4.63,-79.667,-18.528,-69.796,0.12405,-0.1427,-0.2507,-0.94937
1745239746.403481,20.973,-46.385,-4.63,-81.579,-15.677,-65.61,0.12405,-0.1427,-0.2507,-0.94937
1745239746.4054806,25.34,-44.657,-3.428,-82.656,-12.491,-61.414,0.12405,-0.1427,-0.2507,-0.94937
1745239746.406482,25.34,-44.657,-3.428,-83.474,-9.267,-57.338,0.12405,-0.1427,-0.2507,-0.94937
1745239746.4074771,33.696,-42.195,-5.205,-83.491,-5.944,-53.58,0.12405,-0.1427,-0.2507,-0.94937
1745239746.4094818,33.696,-42.195,-5.205,-83.293,-2.664,-49.845,0.12405,-0.1427,-0.2507,-0.94937
1745239746.410478,29.377,-36.837,-2.672,-82.54,0.654,-47.126,0.12405,-0.1427,-0.2507,-0.94937
1745239746.410478,29.377,-36.837,-2.672,-81.639,3.9,-44.352,0.12405,-0.1427,-0.2507,-0.94937
1745239746.411479,24.737,-32.901,-0.144,-80.338,6.768,-41.666,0.12405,-0.1427,-0.2507,-0.94937
1745239746.412479,24.737,-32.901,-0.144,-78.893,9.547,-38.892,0.12405,-0.1427,-0.2507,-0.94937
1745239746.4134822,22.156,-28.936,3.74,-76.899,11.937,-36.052,0.12405,-0.1427,-0.2507,-0.94937
1745239746.414481,22.156,-28.936,3.74,-74.767,14.205,-33.096,0.12405,-0.1427,-0.2507,-0.94937
1745239746.4164884,18.239,-26.695,8.164,-72.081,16.441,-30.443,0.12405,-0.1427,-0.2507,-0.94937
1745239746.4642391,18.239,-26.695,8.164,-69.263,18.528,-27.636,0.12405,-0.1427,-0.2507,-0.94937
1745239746.4962494,12.747,-24.713,8.112,-66.094,20.825,-24.922,0.81039,-0.51297,0.2626,-0.10507
1745239746.4972422,12.747,-24.713,8.112,-62.765,22.956,-22.022,0.81039,-0.51297,0.2626,-0.10507
1745239746.498586,15.874,-21.38,3.654,-59.326,25.153,-19.286,0.81039,-0.51297,0.2626,-0.10507
1745239746.4992373,15.874,-21.38,3.654,-55.712,27.175,-16.348,0.81039,-0.51297,0.2626,-0.10507
1745239746.500584,15.888,-16.846,2.298,-52.075,28.954,-13.661,0.81039,-0.51297,0.2626,-0.10507
1745239746.5012348,15.888,-16.846,2.298,-48.29,30.564,-10.783,0.81039,-0.51297,0.2626,-0.10507
1745239746.5012348,15.103,-10.467,2.49,-44.775,32.157,-8.075,0.81039,-0.51297,0.2626,-0.10507
1745239746.5549538,15.103,-10.467,2.49,-41.116,33.58,-5.186,0.81039,-0.51297,0.2626,-0.10507
1745239746.556956,17.377,-6.795,1.025,-37.919,35.305,-2.681,0.81039,-0.51297,0.2626,-0.10507
1745239746.557955,17.377,-6.795,1.025,-34.547,36.881,0.033,0.81039,-0.51297,0.2626,-0.10507
1745239746.5589578,12.972,-5.028,2.207,-31.344,38.71,2.576,0.81039,-0.51297,0.2626,-0.10507
1745239746.6445563,12.972,-5.028,2.207,-27.938,40.397,5.345,0.90604,-0.25195,0.31876,0.11783
1745239746.7041078,8.408,-3.677,2.772,-24.263,41.781,8.443,0.90604,-0.25195,0.31876,0.11783
1745239746.7051096,8.408,-3.677,2.772,-20.413,42.99,11.739,0.90604,-0.25195,0.31876,0.11783
1745239746.7051096,8.892,-2.236,0.364,-16.403,43.599,15.211,0.90604,-0.25195,0.31876,0.11783
1745239746.7066207,8.892,-2.236,0.364,-12.316,44.011,18.781,0.90604,-0.25195,0.31876,0.11783
1745239746.707338,9.917,-0.038,-1.733,-8.718,44.187,21.78,0.90604,-0.25195,0.31876,0.11783
1745239746.707338,9.917,-0.038,-1.733,-5.098,44.209,24.813,0.90604,-0.25195,0.31876,0.11783
1745239746.7083545,4.793,3.065,-2.069,-2.038,44.39,27.246,0.90604,-0.25195,0.31876,0.11783
1745239746.7093506,4.793,3.065,-2.069,1.038,44.467,29.707,0.90604,-0.25195,0.31876,0.11783
1745239746.7093506,-0.541,5.708,-2.825,3.675,44.094,31.844,0.90604,-0.25195,0.31876,0.11783
1745239746.710353,-0.541,5.708,-2.825,6.279,43.638,33.948,0.90604,-0.25195,0.31876,0.11783
1745239746.7113495,1.963,8.03,-3.175,8.19,42.731,35.689,0.90604,-0.25195,0.31876,0.11783
1745239746.7119882,1.963,8.03,-3.175,10.052,41.765,37.365,0.90604,-0.25195,0.31876,0.11783
1745239746.71302,3.668,7.446,-1.513,11.387,41.276,38.837,0.90604,-0.25195,0.31876,0.11783
1745239746.7140088,3.668,7.446,-1.513,12.706,40.754,40.265,0.90604,-0.25195,0.31876,0.11783
1745239746.7140088,-2.385,7.101,-0.45,13.738,40.413,41.556,0.90604,-0.25195,0.31876,0.11783
1745239746.733285,-2.385,7.101,-0.45,14.76,40.051,42.808,0.90604,-0.25195,0.31876,0.11783
1745239746.7352855,-3.093,8.006,0.259,15.304,39.166,43.533,0.90604,-0.25195,0.31876,0.11783
1745239746.7362869,-3.093,8.006,0.259,16.82,39.243,45.401,0.90604,-0.25195,0.31876,0.11783
1745239746.7372859,0.124,7.633,1.824,17.941,39.342,46.956,0.90604,-0.25195,0.31876,0.11783
1745239746.7950513,0.124,7.633,1.824,19.056,39.391,48.543,0.90604,-0.25195,0.31876,0.11783
1745239746.8256943,-2.298,6.603,3.06,19.984,39.82,50.054,0.86667,0.00568,0.37003,0.33444
1745239746.8256943,-2.298,6.603,3.06,20.934,40.188,51.608,0.86667,0.00568,0.37003,0.33444
1745239746.8266966,-5.009,6.555,3.606,21.649,40.347,52.888,0.86667,0.00568,0.37003,0.33444
1745239746.853085,-5.009,6.555,3.606,22.374,40.358,54.102,0.86667,0.00568,0.37003,0.33444
1745239746.8540854,-4.367,6.354,5.234,22.89,40.106,54.91,0.86667,0.00568,0.37003,0.33444
1745239746.8540854,-4.367,6.354,5.234,23.346,39.803,55.596,0.86667,0.00568,0.37003,0.33444
1745239746.855085,-4.611,6.685,6.0,23.714,39.584,56.168,0.86667,0.00568,0.37003,0.33444
1745239746.8834894,-4.611,6.685,6.0,24.049,39.364,56.684,0.86667,0.00568,0.37003,0.33444
1745239746.8834894,-4.587,6.397,5.559,24.214,39.21,57.03,0.86667,0.00568,0.37003,0.33444
1745239746.8854852,-4.587,6.397,5.559,24.362,39.062,57.343,0.86667,0.00568,0.37003,0.33444
1745239746.8854852,-4.401,6.402,6.302,24.428,39.029,57.519,0.86667,0.00568,0.37003,0.33444
1745239746.914485,-4.401,6.402,6.302,24.472,39.001,57.667,0.86667,0.00568,0.37003,0.33444
1745239746.968124,-5.837,5.995,6.895,24.423,38.979,57.662,0.86667,0.00568,0.37003,0.33444
1745239746.9694421,-5.837,5.995,6.895,24.357,38.963,57.64,0.86667,0.00568,0.37003,0.33444
1745239746.9704442,-5.89,6.302,7.082,24.23,38.897,57.535,0.86667,0.00568,0.37003,0.33444
1745239746.9724422,-5.89,6.302,7.082,24.099,38.837,57.42,0.84198,0.01663,0.38019,0.38229
1745239746.973443,-5.373,4.99,7.101,23.917,38.782,57.255,0.84198,0.01663,0.38019,0.38229
1745239746.973443,-5.373,4.99,7.101,23.725,38.732,57.079,0.84198,0.01663,0.38019,0.38229
1745239746.9744477,-6.771,3.084,7.345,23.505,38.76,56.843,0.84198,0.01663,0.38019,0.38229
1745239747.0041864,-6.771,3.084,7.345,23.269,38.787,56.585,0.84198,0.01663,0.38019,0.38229
1745239747.004847,-7.422,2.16,7.116,23.0,38.859,56.245,0.84198,0.01663,0.38019,0.38229
1745239747.0068326,-7.422,2.16,7.116,22.709,38.93,55.882,0.84198,0.01663,0.38019,0.38229
1745239747.0068326,-7.508,2.04,7.24,22.44,39.007,55.503,0.84198,0.01663,0.38019,0.38229
1745239747.0340858,-7.508,2.04,7.24,22.159,39.089,55.107,0.84198,0.01663,0.38019,0.38229
1745239747.0915499,-7.47,1.997,7.111,21.918,39.122,54.717,0.84198,0.01663,0.38019,0.38229
1745239747.09255,-7.47,1.997,7.111,21.665,39.155,54.311,0.84198,0.01663,0.38019,0.38229
1745239747.0935488,-7.034,2.222,7.24,21.445,39.161,53.904,0.84198,0.01663,0.38019,0.38229
1745239747.0935488,-7.034,2.222,7.24,21.215,39.166,53.487,0.84198,0.01663,0.38019,0.38229
1745239747.0945477,-7.235,2.16,7.001,21.039,39.177,53.108,0.84198,0.01663,0.38019,0.38229
1745239747.0955453,-7.235,2.16,7.001,20.852,39.194,52.723,0.84198,0.01663,0.38019,0.38229
1745239747.0955453,-6.962,1.695,7.192,20.726,39.221,52.328,0.84198,0.01663,0.38019,0.38229
1745239747.096554,-6.962,1.695,7.192,20.599,39.249,51.932,0.84198,0.01663,0.38019,0.38229
1745239747.096554,-7.57,2.15,7.092,20.506,39.216,51.564,0.84198,0.01663,0.38019,0.38229
1745239747.0985484,-7.57,2.15,7.092,20.407,39.183,51.191,0.84198,0.01663,0.38019,0.38229
1745239747.1005578,-6.498,2.217,6.369,20.319,39.128,50.861,0.84198,0.01663,0.38019,0.38229
1745239747.1548162,-6.498,2.217,6.369,20.226,39.073,50.526,0.84198,0.01663,0.38019,0.38229
1745239747.187276,-7.077,1.887,6.005,20.154,39.073,50.224,0.84198,0.01663,0.38019,0.38229
1745239747.1879292,-7.077,1.887,6.005,20.083,39.067,49.916,0.84198,0.01663,0.38019,0.38229
1745239747.1889298,-7.389,2.174,6.182,19.995,39.023,49.543,0.84198,0.01663,0.38019,0.38229
1745239747.1899345,-7.389,2.174,6.182,19.913,38.985,49.169,0.86768,0.01108,0.36694,0.33505
1745239747.1909287,-6.613,2.844,6.704,19.792,38.958,48.779,0.86768,0.01108,0.36694,0.33505
1745239747.1919234,-6.613,2.844,6.704,19.671,38.936,48.384,0.86768,0.01108,0.36694,0.33505
1745239747.193934,-6.857,2.284,6.45,19.567,38.969,48.043,0.86768,0.01108,0.36694,0.33505
1745239747.243363,-7.963,1.805,6.316,19.468,38.979,47.692,0.86768,0.01108,0.36694,0.33505
1745239747.2453659,-7.963,1.805,6.316,19.369,38.963,47.34,0.86768,0.01108,0.36694,0.33505
1745239747.2463858,-6.948,2.011,6.972,19.27,38.93,46.978,0.86768,0.01108,0.36694,0.33505
1745239747.2473898,-6.948,2.011,6.972,19.171,38.87,46.593,0.86768,0.01108,0.36694,0.33505
1745239747.274591,-7.226,2.792,7.705,19.078,38.815,46.208,0.86768,0.01108,0.36694,0.33505
1745239747.341589,-7.226,2.792,7.705,19.001,38.771,45.824,0.86768,0.01108,0.36694,0.33505
1745239747.342495,-5.114,3.39,7.307,18.891,38.71,45.439,0.86768,0.01108,0.36694,0.33505
1745239747.3434908,-5.114,3.39,7.307,18.754,38.639,45.06,0.86768,0.01108,0.36694,0.33505
1745239747.3444934,-6.493,3.371,7.647,18.732,38.848,44.89,0.86768,0.01108,0.36694,0.33505
1745239747.345488,-6.493,3.371,7.647,18.831,39.342,44.94,0.86768,0.01108,0.36694,0.33505
1745239747.3464918,-9.725,1.719,8.03,19.001,39.765,45.11,0.86768,0.01108,0.36694,0.33505
1745239747.3474927,-9.725,1.719,8.03,19.248,40.111,45.396,0.86768,0.01108,0.36694,0.33505
1745239747.3484917,-10.252,1.36,7.748,19.396,40.199,45.555,0.86768,0.01108,0.36694,0.33505
1745239747.3484917,-10.252,1.36,7.748,19.451,40.023,45.577,0.86768,0.01108,0.36694,0.33505
1745239747.349497,-7.671,0.986,7.585,19.391,39.573,45.406,0.86768,0.01108,0.36694,0.33505
1745239747.3504946,-7.671,0.986,7.585,19.232,38.848,45.044,0.86768,0.01108,0.36694,0.33505
1745239747.394884,-3.05,1.566,6.704,19.056,38.194,44.648,0.86768,0.01108,0.36694,0.33505
1745239747.4278805,-3.05,1.566,6.704,18.875,37.595,44.22,0.86768,0.01108,0.36694,0.33505
1745239747.4288807,-2.452,2.284,6.541,18.82,37.43,43.973,0.86768,0.01108,0.36694,0.33505
1745239747.4298813,-2.452,2.284,6.541,18.891,37.694,43.896,0.86768,0.01108,0.36694,0.33505
1745239747.4308803,-7.743,2.227,7.221,19.012,38.117,43.923,0.88565,0.02493,0.35361,0.29977
1745239747.4308803,-7.743,2.227,7.221,19.193,38.71,44.055,0.88565,0.02493,0.35361,0.29977
1745239747.4318817,-10.664,1.791,7.331,19.308,38.99,44.105,0.88565,0.02493,0.35361,0.29977
1745239747.43288,-10.664,1.791,7.331,19.347,38.963,44.066,0.88565,0.02493,0.35361,0.29977
1745239747.483686,-6.934,1.068,7.029,19.325,38.677,43.923,0.88565,0.02493,0.35361,0.29977
1745239747.4846826,-6.934,1.068,7.029,19.237,38.139,43.671,0.88565,0.02493,0.35361,0.29977
1745239747.4846826,-4.583,1.484,6.756,19.204,37.733,43.473,0.88565,0.02493,0.35361,0.29977
1745239747.4866889,-4.583,1.484,6.756,19.226,37.463,43.325,0.88565,0.02493,0.35361,0.29977
1745239747.5139217,-5.655,2.658,6.785,19.286,37.348,43.242,0.88565,0.02493,0.35361,0.29977
1745239747.5689156,-2.825,1.326,3.39,19.385,37.381,43.226,0.88565,0.02493,0.35361,0.29977
1745239747.5693176,-6.187,2.16,6.881,19.479,37.392,43.204,0.88565,0.02493,0.35361,0.29977
1745239747.5693176,-6.187,2.16,6.881,19.567,37.386,43.182,0.88565,0.02493,0.35361,0.29977
1745239747.5703197,-5.693,1.25,7.163,19.644,37.343,43.127,0.88565,0.02493,0.35361,0.29977
1745239747.5703197,-5.693,1.25,7.163,19.715,37.255,43.044,0.88565,0.02493,0.35361,0.29977
1745239747.572324,-6.062,1.508,7.173,19.77,37.189,42.929,0.88565,0.02493,0.35361,0.29977
1745239747.572324,-6.062,1.508,7.173,19.814,37.145,42.781,0.88565,0.02493,0.35361,0.29977
1745239747.5733197,-6.211,3.146,7.23,19.825,37.139,42.599,0.88565,0.02493,0.35361,0.29977
1745239747.5743203,-6.211,3.146,7.23,19.803,37.172,42.396,0.88565,0.02493,0.35361,0.29977
1745239747.5753229,-6.062,4.18,7.484,19.792,37.249,42.248,0.88565,0.02493,0.35361,0.29977
1745239747.576324,-6.062,4.18,7.484,19.786,37.365,42.149,0.88565,0.02493,0.35361,0.29977
1745239747.635131,-6.637,3.352,7.312,19.83,37.463,42.133,0.88565,0.02493,0.35361,0.29977
1745239747.6707363,-6.637,3.352,7.312,19.913,37.551,42.182,0.88565,0.02493,0.35361,0.29977
1745239747.6713681,-6.517,3.127,7.307,20.006,37.59,42.237,0.88565,0.02493,0.35361,0.29977
1745239747.6723664,-6.517,3.127,7.307,20.105,37.573,42.292,0.88565,0.02493,0.35361,0.29977
1745239747.6733692,-6.306,3.946,7.374,20.198,37.573,42.336,0.88965,0.03973,0.35538,0.28381
1745239747.675364,-6.306,3.946,7.374,20.281,37.584,42.374,0.88965,0.03973,0.35538,0.28381
1745239747.6763735,-6.014,4.688,7.187,20.369,37.562,42.407,0.88965,0.03973,0.35538,0.28381
1745239747.6773667,-6.014,4.688,7.187,20.457,37.518,42.446,0.88965,0.03973,0.35538,0.28381
1745239747.6938868,-4.894,3.802,6.809,20.561,37.436,42.49,0.88965,0.03973,0.35538,0.28381
1745239747.6950362,-4.894,3.802,6.809,20.687,37.315,42.534,0.88965,0.03973,0.35538,0.28381
1745239747.695888,-4.784,3.146,6.498,20.83,37.233,42.572,0.88965,0.03973,0.35538,0.28381
1745239747.696893,-4.784,3.146,6.498,21.0,37.178,42.605,0.88965,0.03973,0.35538,0.28381
1745239747.7551546,-5.42,3.481,6.651,21.138,37.145,42.589,0.88965,0.03973,0.35538,0.28381
1745239747.8074298,-5.42,3.481,6.651,21.248,37.134,42.517,0.88965,0.03973,0.35538,0.28381
1745239747.8084323,-5.646,3.539,6.867,21.319,37.117,42.402,0.88965,0.03973,0.35538,0.28381
1745239747.8084323,-5.646,3.539,6.867,21.352,37.101,42.248,0.88965,0.03973,0.35538,0.28381
1745239747.8104324,-5.823,3.002,7.106,21.368,37.079,42.094,0.88965,0.03973,0.35538,0.28381
1745239747.8104324,-5.823,3.002,7.106,21.374,37.046,41.929,0.88965,0.03973,0.35538,0.28381
1745239747.8114362,-5.957,2.945,7.245,21.374,37.007,41.77,0.88965,0.03973,0.35538,0.28381
1745239747.8124363,-5.957,2.945,7.245,21.368,36.974,41.611,0.88965,0.03973,0.35538,0.28381
1745239747.816445,-5.406,3.29,7.695,21.352,36.991,41.484,0.88965,0.03973,0.35538,0.28381
1745239747.816445,-5.406,3.29,7.695,21.324,37.062,41.391,0.88965,0.03973,0.35538,0.28381
1745239747.816445,-6.254,2.591,7.695,21.292,37.172,41.336,0.88965,0.03973,0.35538,0.28381
1745239747.817437,-6.254,2.591,7.695,21.253,37.332,41.32,0.88965,0.03973,0.35538,0.28381
1745239747.8738163,-6.895,2.002,7.609,21.204,37.447,41.287,0.88965,0.03973,0.35538,0.28381
1745239747.8958127,-6.895,2.002,7.609,21.143,37.529,41.237,0.88965,0.03973,0.35538,0.28381
1745239747.8968177,-6.718,1.877,7.523,21.088,37.562,41.166,0.88965,0.03973,0.35538,0.28381
1745239747.897813,-6.718,1.877,7.523,21.028,37.551,41.061,0.88965,0.03973,0.35538,0.28381
1745239747.9031954,-6.215,2.342,7.518,20.984,37.573,40.979,0.8923,0.05078,0.35693,0.27148
1745239747.9041939,-6.215,2.342,7.518,20.956,37.623,40.908,0.8923,0.05078,0.35693,0.27148
1745239747.9041939,-6.349,2.581,7.58,20.94,37.744,40.88,0.8923,0.05078,0.35693,0.27148
1745239747.9051976,-6.349,2.581,7.58,20.945,37.936,40.902,0.8923,0.05078,0.35693,0.27148
1745239747.9640024,-7.101,2.433,7.283,20.934,38.139,40.946,0.8923,0.05078,0.35693,0.27148
1745239747.9660072,-7.101,2.433,7.283,20.918,38.359,41.017,0.8923,0.05078,0.35693,0.27148
1745239747.9660072,-7.542,2.126,7.034,20.874,38.524,41.067,0.8923,0.05078,0.35693,0.27148
1745239747.9670029,-7.542,2.126,7.034,20.803,38.644,41.089,0.8923,0.05078,0.35693,0.27148
1745239747.993936,-6.943,2.274,6.871,20.726,38.743,41.094,0.8923,0.05078,0.35693,0.27148
1745239748.0472476,-6.943,2.274,6.871,20.643,38.826,41.089,0.8923,0.05078,0.35693,0.27148
1745239748.0482504,-6.891,2.643,6.627,20.572,38.908,41.089,0.8923,0.05078,0.35693,0.27148
1745239748.0482504,-6.891,2.643,6.627,20.511,39.001,41.105,0.8923,0.05078,0.35693,0.27148
1745239748.0495472,-6.689,2.921,6.627,20.468,39.111,41.149,0.8923,0.05078,0.35693,0.27148
1745239748.0505464,-6.689,2.921,6.627,20.435,39.232,41.215,0.8923,0.05078,0.35693,0.27148
1745239748.0505464,-6.694,2.883,6.713,20.418,39.386,41.32,0.8884,0.03964,0.36847,0.27069
1745239748.0515466,-6.694,2.883,6.713,20.418,39.567,41.457,0.8884,0.03964,0.36847,0.27069
1745239748.1136374,-7.274,2.734,6.56,20.429,39.743,41.594,0.8884,0.03964,0.36847,0.27069
1745239748.1576343,-7.274,2.734,6.56,20.44,39.908,41.732,0.8884,0.03964,0.36847,0.27069
1745239748.1586382,-7.183,2.571,6.393,20.446,40.018,41.836,0.8884,0.03964,0.36847,0.27069
1745239748.1596408,-7.183,2.571,6.393,20.446,40.084,41.907,0.8884,0.03964,0.36847,0.27069
1745239748.1596408,-6.986,2.614,6.244,20.451,40.128,41.957,0.8884,0.03964,0.36847,0.27069
1745239748.1606395,-6.986,2.614,6.244,20.473,40.144,41.99,0.8884,0.03964,0.36847,0.27069
1745239748.1606395,-6.56,2.83,6.325,20.511,40.166,42.034,0.8884,0.03964,0.36847,0.27069
1745239748.1616383,-6.56,2.83,6.325,20.561,40.193,42.072,0.8884,0.03964,0.36847,0.27069
1745239748.1616383,-6.364,3.242,6.393,20.621,40.254,42.138,0.8884,0.03964,0.36847,0.27069
1745239748.1626456,-6.364,3.242,6.393,20.693,40.342,42.215,0.8884,0.03964,0.36847,0.27069
1745239748.1626456,-6.694,3.208,6.364,20.759,40.457,42.308,0.8884,0.03964,0.36847,0.27069
1745239748.1636388,-6.694,3.208,6.364,20.819,40.589,42.418,0.8884,0.03964,0.36847,0.27069
1745239748.2049541,-6.867,3.122,6.455,20.869,40.71,42.517,0.8884,0.03964,0.36847,0.27069
1745239748.205952,-6.867,3.122,6.455,20.896,40.825,42.605,0.8884,0.03964,0.36847,0.27069
1745239748.2069535,-6.8,2.954,6.33,20.907,40.935,42.676,0.8884,0.03964,0.36847,0.27069
1745239748.207965,-6.8,2.954,6.33,20.901,41.039,42.737,0.8884,0.03964,0.36847,0.27069
1745239748.234389,-6.862,2.988,6.115,20.896,41.138,42.786,0.88062,0.03232,0.3833,0.27649
1745239748.2863572,-6.862,2.988,6.115,20.874,41.243,42.819,0.88062,0.03232,0.3833,0.27649
1745239748.28736,-6.608,3.199,6.019,20.852,41.353,42.852,0.88062,0.03232,0.3833,0.27649
1745239748.28736,-6.608,3.199,6.019,20.83,41.479,42.885,0.88062,0.03232,0.3833,0.27649
1745239748.2886736,-6.814,3.05,6.153,20.83,41.627,42.951,0.88062,0.03232,0.3833,0.27649
1745239748.2886736,-6.814,3.05,6.153,20.847,41.803,43.033,0.88062,0.03232,0.3833,0.27649
1745239748.2896824,-7.393,3.146,6.134,20.863,41.968,43.127,0.88062,0.03232,0.3833,0.27649
1745239748.2896824,-7.393,3.146,6.134,20.885,42.127,43.215,0.88062,0.03232,0.3833,0.27649
1745239748.323605,-7.479,3.275,6.144,20.891,42.237,43.281,0.88062,0.03232,0.3833,0.27649
1745239748.323605,-7.479,3.275,6.144,20.874,42.308,43.325,0.88062,0.03232,0.3833,0.27649
1745239748.324609,-7.283,3.084,6.144,20.852,42.336,43.358,0.88062,0.03232,0.3833,0.27649
1745239748.324609,-7.283,3.084,6.144,20.83,42.369,43.396,0.88062,0.03232,0.3833,0.27649
1745239748.3544083,-7.154,3.007,6.297,20.825,42.402,43.429,0.88062,0.03232,0.3833,0.27649
1745239748.3785825,-7.154,3.007,6.297,20.814,42.435,43.467,0.88062,0.03232,0.3833,0.27649
1745239748.3795936,-7.173,2.964,6.306,20.819,42.473,43.511,0.88062,0.03232,0.3833,0.27649
1745239748.3805895,-7.173,2.964,6.306,20.825,42.517,43.555,0.88062,0.03232,0.3833,0.27649
1745239748.3845887,-7.393,2.806,6.335,20.836,42.556,43.61,0.88062,0.03232,0.3833,0.27649
1745239748.3845887,-7.393,2.806,6.335,20.847,42.594,43.66,0.88062,0.03232,0.3833,0.27649
1745239748.3855946,-7.489,2.921,6.182,20.83,42.599,43.676,0.87497,0.02353,0.39426,0.27982
1745239748.3865964,-7.489,2.921,6.182,20.814,42.61,43.687,0.87497,0.02353,0.39426,0.27982
1745239748.4443452,-7.197,2.974,6.105,20.792,42.627,43.682,0.87497,0.02353,0.39426,0.27982
1745239748.4453404,-7.197,2.974,6.105,20.77,42.643,43.676,0.87497,0.02353,0.39426,0.27982
1745239748.4463408,-7.207,2.873,6.048,20.764,42.693,43.693,0.87497,0.02353,0.39426,0.27982
1745239748.4483368,-7.207,2.873,6.048,20.753,42.742,43.704,0.87497,0.02353,0.39426,0.27982
1745239748.4740567,-7.389,2.763,6.019,20.759,42.781,43.72,0.87497,0.02353,0.39426,0.27982
1745239748.6185405,-7.389,2.763,6.019,20.759,42.825,43.731,0.87497,0.02353,0.39426,0.27982
1745239748.6185405,-7.331,2.758,5.962,20.742,42.83,43.709,0.87497,0.02353,0.39426,0.27982
1745239748.6185405,-7.331,2.758,5.962,20.72,42.841,43.693,0.87497,0.02353,0.39426,0.27982
1745239748.619536,-7.216,2.844,5.842,20.687,42.836,43.665,0.87497,0.02353,0.39426,0.27982
1745239748.6218195,-7.216,2.844,5.842,20.654,42.83,43.632,0.87497,0.02353,0.39426,0.27982
1745239748.6218195,-7.173,2.816,5.842,20.627,42.836,43.61,0.87497,0.02353,0.39426,0.27982
1745239748.6218195,-7.173,2.816,5.842,20.599,42.841,43.588,0.87497,0.02353,0.39426,0.27982
1745239748.6228127,-7.173,2.662,5.861,20.594,42.863,43.594,0.87497,0.02353,0.39426,0.27982
1745239748.6228127,-7.173,2.662,5.861,20.594,42.891,43.594,0.87497,0.02353,0.39426,0.27982
1745239748.6238105,-7.321,2.667,5.808,20.594,42.907,43.605,0.87497,0.02353,0.39426,0.27982
1745239748.6238105,-7.321,2.667,5.808,20.599,42.924,43.616,0.87497,0.02353,0.39426,0.27982
1745239748.624811,-7.398,2.82,5.631,20.588,42.902,43.605,0.87497,0.02353,0.39426,0.27982
1745239748.6258154,-7.398,2.82,5.631,20.583,42.885,43.599,0.87497,0.02353,0.39426,0.27982
1745239748.6268196,-7.312,2.902,5.578,20.555,42.836,43.572,0.87497,0.02353,0.39426,0.27982
1745239748.6278098,-7.312,2.902,5.578,20.528,42.781,43.544,0.87497,0.02353,0.39426,0.27982
