address,timestamp,AccX,AccY,AccZ,AngX,AngY,AngZ,Q0,Q1,Q2,Q3
F3:89:79:49:6C:B3,1748784600.8515358,-6.206,4.75,6.78,33.239,32.783,98.031,0.66418,-0.02039,0.3822,0.64206
F3:89:79:49:6C:B3,1748784601.440015,-5.986,4.808,6.57,33.234,32.8,98.058,0.66418,-0.02039,0.3822,0.64206
F3:89:79:49:6C:B3,1748784601.4687629,-5.986,4.808,6.57,33.212,32.789,98.091,0.66418,-0.02039,0.3822,0.64206
F3:89:79:49:6C:B3,1748784601.4687629,-5.918,4.626,7.044,33.168,32.778,98.113,0.66418,-0.02039,0.3822,0.64206
C3:16:82:EF:1B:48,1748784601.4687629,-6.014,4.999,6.292,39.798,33.695,23.225,0.90149,0.26529,0.32913,0.09232
C3:16:82:EF:1B:48,1748784601.4751122,-6.024,5.037,6.771,39.787,33.717,23.192,0.90149,0.26529,0.32913,0.09232
C3:16:82:EF:1B:48,1748784601.476127,-6.024,5.037,6.771,39.781,33.745,23.159,0.90149,0.26529,0.32913,0.09232
C3:16:82:EF:1B:48,1748784601.476127,-6.699,4.985,6.488,39.721,33.745,23.121,0.90149,0.26529,0.32913,0.09232
C3:16:82:EF:1B:48,1748784601.476127,-6.699,4.985,6.488,39.655,33.75,23.077,0.90149,0.26529,0.32913,0.09232
C3:16:82:EF:1B:48,1748784601.4771266,-6.795,4.721,5.871,39.6,33.761,23.011,0.90149,0.26529,0.32913,0.09232
C3:16:82:EF:1B:48,1748784601.4771266,-6.795,4.721,5.871,39.54,33.777,22.939,0.90149,0.26529,0.32913,0.09232
C3:16:82:EF:1B:48,1748784601.4771266,-6.603,4.851,6.148,39.507,33.794,22.841,0.90149,0.26529,0.32913,0.09232
F3:89:79:49:6C:B3,1748784601.4781265,-5.918,4.626,7.044,33.113,32.772,98.13,0.66418,-0.02039,0.3822,0.64206
F3:89:79:49:6C:B3,1748784601.4781265,-5.741,4.492,7.092,33.074,32.767,98.13,0.66418,-0.02039,0.3822,0.64206
F3:89:79:49:6C:B3,1748784601.4781265,-5.741,4.492,7.092,33.047,32.772,98.124,0.66418,-0.02039,0.3822,0.64206
F3:89:79:49:6C:B3,1748784601.479125,-5.526,4.721,6.828,33.019,32.778,98.097,0.66418,-0.02039,0.3822,0.64206
C3:16:82:EF:1B:48,1748784601.479125,-6.603,4.851,6.148,39.468,33.81,22.747,0.90149,0.26529,0.32913,0.09232
C3:16:82:EF:1B:48,1748784601.479125,-6.412,5.085,6.349,39.419,33.849,22.632,0.90149,0.26529,0.32913,0.09232
C3:16:82:EF:1B:48,1748784601.479125,-6.412,5.085,6.349,39.37,33.882,22.516,0.90149,0.26529,0.32913,0.09232
C3:16:82:EF:1B:48,1748784601.479125,-6.603,4.784,5.962,39.337,33.959,22.418,0.90149,0.26529,0.32913,0.09232
F3:89:79:49:6C:B3,1748784601.479125,-5.526,4.721,6.828,32.981,32.783,98.058,0.66418,-0.02039,0.3822,0.64206
F3:89:79:49:6C:B3,1748784601.479125,-5.794,4.736,7.058,32.943,32.805,98.026,0.66418,-0.02039,0.3822,0.64206
F3:89:79:49:6C:B3,1748784601.479125,-5.794,4.736,7.058,32.904,32.844,97.993,0.66418,-0.02039,0.3822,0.64206
F3:89:79:49:6C:B3,1748784601.479125,-6.412,4.367,7.116,32.888,32.882,97.965,0.66418,-0.02039,0.3822,0.64206
C3:16:82:EF:1B:48,1748784601.479125,-6.603,4.784,5.962,39.304,34.03,22.319,0.90149,0.26529,0.32913,0.09232
C3:16:82:EF:1B:48,1748784601.479125,-6.005,4.487,6.019,39.315,34.063,22.225,0.90149,0.26529,0.32913,0.09232
C3:16:82:EF:1B:48,1748784601.4833875,-6.005,4.487,6.019,39.326,34.091,22.137,0.90149,0.26529,0.32913,0.09232
C3:16:82:EF:1B:48,1748784601.4833875,-5.291,4.391,6.239,39.375,34.074,22.11,0.90149,0.26529,0.32913,0.09232
F3:89:79:49:6C:B3,1748784601.4844017,-6.412,4.367,7.116,32.893,32.926,97.943,0.66418,-0.02039,0.3822,0.64206
F3:89:79:49:6C:B3,1748784601.4854052,-5.976,4.3,6.761,32.91,32.932,97.938,0.66418,-0.02039,0.3822,0.64206
F3:89:79:49:6C:B3,1748784601.4854052,-5.976,4.3,6.761,32.953,32.904,97.943,0.66418,-0.02039,0.3822,0.64206
F3:89:79:49:6C:B3,1748784601.4854052,-5.119,3.994,6.804,33.003,32.882,97.976,0.66418,-0.02039,0.3822,0.64206
C3:16:82:EF:1B:48,1748784601.4854052,-5.291,4.391,6.239,39.419,34.058,22.083,0.90149,0.26529,0.32913,0.09232
C3:16:82:EF:1B:48,1748784601.4854052,-6.632,4.659,6.369,39.457,34.052,22.055,0.90149,0.26529,0.32913,0.09232
C3:16:82:EF:1B:48,1748784601.4854052,-6.632,4.659,6.369,39.49,34.047,22.033,0.90149,0.26529,0.32913,0.09232
C3:16:82:EF:1B:48,1748784601.4854052,-6.795,4.836,6.172,39.49,34.107,21.94,0.90149,0.26529,0.32913,0.09232
C3:16:82:EF:1B:48,1748784601.4854052,-6.795,4.836,6.172,39.49,34.167,21.846,0.90149,0.26529,0.32913,0.09232
C3:16:82:EF:1B:48,1748784601.4854052,-5.981,4.597,6.388,39.49,34.184,21.736,0.90149,0.26529,0.32913,0.09232
C3:16:82:EF:1B:48,1748784601.4854052,-5.981,4.597,6.388,39.496,34.206,21.627,0.90216,0.26495,0.33258,0.07211
C3:16:82:EF:1B:48,1748784601.4854052,-5.713,4.745,6.785,39.501,34.113,21.55,0.90216,0.26495,0.33258,0.07211
F3:89:79:49:6C:B3,1748784601.4854052,-5.119,3.994,6.804,33.058,32.849,98.031,0.66418,-0.02039,0.3822,0.64206
F3:89:79:49:6C:B3,1748784601.4854052,-5.124,4.587,6.881,33.091,32.844,98.058,0.66418,-0.02039,0.3822,0.64206
F3:89:79:49:6C:B3,1748784601.4854052,-5.124,4.587,6.881,33.107,32.855,98.058,0.66418,-0.02039,0.3822,0.64206
F3:89:79:49:6C:B3,1748784601.4854052,-6.172,4.506,7.082,33.118,32.877,98.036,0.66418,-0.02039,0.3822,0.64206
F3:89:79:49:6C:B3,1748784601.4854052,-6.172,4.506,7.082,33.124,32.915,97.998,0.66418,-0.02039,0.3822,0.64206
F3:89:79:49:6C:B3,1748784601.4854052,-6.474,4.281,6.967,33.135,32.844,97.982,0.66418,-0.02039,0.3822,0.64206
F3:89:79:49:6C:B3,1748784601.4854052,-6.474,4.281,6.967,33.146,32.778,97.965,0.66409,-0.02472,0.38409,0.64087
F3:89:79:49:6C:B3,1748784601.4854052,-5.368,4.87,6.699,33.135,32.657,97.971,0.66409,-0.02472,0.38409,0.64087
C3:16:82:EF:1B:48,1748784601.4854052,-5.713,4.745,6.785,39.512,34.014,21.478,0.90216,0.26495,0.33258,0.07211
C3:16:82:EF:1B:48,1748784601.4854052,-6.833,5.339,7.02,39.452,33.909,21.401,0.90216,0.26495,0.33258,0.07211
C3:16:82:EF:1B:48,1748784601.4854052,-6.833,5.339,7.02,39.397,33.805,21.33,0.90216,0.26495,0.33258,0.07211
C3:16:82:EF:1B:48,1748784601.4854052,-6.991,4.966,6.086,39.276,33.783,21.198,0.90216,0.26495,0.33258,0.07211
F3:89:79:49:6C:B3,1748784601.4854052,-5.368,4.87,6.699,33.129,32.536,97.976,0.66409,-0.02472,0.38409,0.64087
F3:89:79:49:6C:B3,1748784601.4854052,-5.009,4.769,6.675,33.025,32.454,97.921,0.66409,-0.02472,0.38409,0.64087
F3:89:79:49:6C:B3,1748784601.4854052,-5.009,4.769,6.675,32.915,32.366,97.866,0.66409,-0.02472,0.38409,0.64087
F3:89:79:49:6C:B3,1748784601.4854052,-5.559,4.439,7.369,32.827,32.377,97.784,0.66409,-0.02472,0.38409,0.64087
C3:16:82:EF:1B:48,1748784601.4854052,-6.991,4.966,6.086,39.155,33.766,21.061,0.90216,0.26495,0.33258,0.07211
C3:16:82:EF:1B:48,1748784601.4854052,-6.579,4.424,5.502,39.089,33.816,20.891,0.90216,0.26495,0.33258,0.07211
C3:16:82:EF:1B:48,1748784601.4854052,-6.579,4.424,5.502,39.023,33.865,20.72,0.90216,0.26495,0.33258,0.07211
C3:16:82:EF:1B:48,1748784601.4854052,-6.096,4.276,6.062,39.007,33.909,20.539,0.90216,0.26495,0.33258,0.07211
F3:89:79:49:6C:B3,1748784601.4854052,-5.559,4.439,7.369,32.739,32.393,97.701,0.66409,-0.02472,0.38409,0.64087
F3:89:79:49:6C:B3,1748784601.4854052,-5.746,4.108,7.23,32.717,32.421,97.603,0.66409,-0.02472,0.38409,0.64087
F3:89:79:49:6C:B3,1748784601.4854052,-5.746,4.108,7.23,32.695,32.448,97.509,0.66409,-0.02472,0.38409,0.64087
F3:89:79:49:6C:B3,1748784601.4854052,-5.612,4.142,6.694,32.69,32.47,97.416,0.66409,-0.02472,0.38409,0.64087
C3:16:82:EF:1B:48,1748784601.4854052,-6.096,4.276,6.062,38.996,33.953,20.358,0.90216,0.26495,0.33258,0.07211
C3:16:82:EF:1B:48,1748784601.5000732,-5.813,4.678,6.278,38.996,33.997,20.193,0.90216,0.26495,0.33258,0.07211
C3:16:82:EF:1B:48,1748784601.5000732,-5.813,4.678,6.278,38.996,34.041,20.028,0.90216,0.26495,0.33258,0.07211
C3:16:82:EF:1B:48,1748784601.5010934,-6.22,4.836,6.34,38.979,34.091,19.902,0.90216,0.26495,0.33258,0.07211
F3:89:79:49:6C:B3,1748784601.5020924,-5.612,4.142,6.694,32.69,32.492,97.322,0.66409,-0.02472,0.38409,0.64087
F3:89:79:49:6C:B3,1748784601.5030916,-5.636,4.678,6.474,32.69,32.52,97.256,0.66409,-0.02472,0.38409,0.64087
F3:89:79:49:6C:B3,1748784601.5040894,-5.636,4.678,6.474,32.695,32.547,97.196,0.66409,-0.02472,0.38409,0.64087
F3:89:79:49:6C:B3,1748784601.505089,-5.837,4.472,6.464,32.668,32.585,97.152,0.66409,-0.02472,0.38409,0.64087
C3:16:82:EF:1B:48,1748784601.505089,-6.22,4.836,6.34,38.963,34.14,19.781,0.90216,0.26495,0.33258,0.07211
C3:16:82:EF:1B:48,1748784601.505089,-5.981,4.889,6.632,38.908,34.178,19.671,0.90216,0.26495,0.33258,0.07211
C3:16:82:EF:1B:48,1748784601.50609,-5.981,4.889,6.632,38.848,34.217,19.561,0.90216,0.26495,0.33258,0.07211
C3:16:82:EF:1B:48,1748784601.50609,-5.737,4.994,6.56,38.754,34.233,19.451,0.90216,0.26495,0.33258,0.07211
F3:89:79:49:6C:B3,1748784601.507093,-5.837,4.472,6.464,32.64,32.618,97.108,0.66409,-0.02472,0.38409,0.64087
F3:89:79:49:6C:B3,1748784601.507093,-5.368,4.673,6.637,32.569,32.624,97.064,0.66409,-0.02472,0.38409,0.64087
F3:89:79:49:6C:B3,1748784601.5080922,-5.368,4.673,6.637,32.503,32.629,97.02,0.66409,-0.02472,0.38409,0.64087
F3:89:79:49:6C:B3,1748784601.5080922,-5.057,4.583,6.867,32.415,32.646,96.993,0.66409,-0.02472,0.38409,0.64087
C3:16:82:EF:1B:48,1748784601.5080922,-5.737,4.994,6.56,38.661,34.239,19.347,0.90216,0.26495,0.33258,0.07211
C3:16:82:EF:1B:48,1748784601.509089,-6.014,4.721,6.244,38.557,34.288,19.259,0.90216,0.26495,0.33258,0.07211
C3:16:82:EF:1B:48,1748784601.509089,-6.014,4.721,6.244,38.458,34.332,19.177,0.90216,0.26495,0.33258,0.07211
C3:16:82:EF:1B:48,1748784601.510091,-6.46,4.664,5.827,38.386,34.409,19.067,0.90216,0.26495,0.33258,0.07211
F3:89:79:49:6C:B3,1748784601.510091,-5.057,4.583,6.867,32.327,32.657,96.96,0.66409,-0.02472,0.38409,0.64087
F3:89:79:49:6C:B3,1748784601.510091,-5.454,4.381,7.216,32.256,32.712,96.927,0.66409,-0.02472,0.38409,0.64087
F3:89:79:49:6C:B3,1748784601.5110903,-5.454,4.381,7.216,32.184,32.767,96.894,0.66409,-0.02472,0.38409,0.64087
F3:89:79:49:6C:B3,1748784601.5110903,-5.741,4.587,7.384,32.157,32.811,96.833,0.66409,-0.02472,0.38409,0.64087
C3:16:82:EF:1B:48,1748784601.5110903,-6.46,4.664,5.827,38.32,34.486,18.957,0.90216,0.26495,0.33258,0.07211
C3:16:82:EF:1B:48,1748784601.5120869,-5.598,4.808,6.235,38.293,34.514,18.836,0.90216,0.26495,0.33258,0.07211
C3:16:82:EF:1B:48,1748784601.5120869,-5.598,4.808,6.235,38.265,34.536,18.715,0.90216,0.26495,0.33258,0.07211
C3:16:82:EF:1B:48,1748784601.5130885,-4.966,4.611,6.938,38.243,34.492,18.655,0.90216,0.26495,0.33258,0.07211
F3:89:79:49:6C:B3,1748784601.5130885,-5.741,4.587,7.384,32.124,32.849,96.779,0.66409,-0.02472,0.38409,0.64087
F3:89:79:49:6C:B3,1748784601.5140896,-5.717,4.415,6.79,32.113,32.822,96.74,0.66409,-0.02472,0.38409,0.64087
F3:89:79:49:6C:B3,1748784601.5140896,-5.717,4.415,6.79,32.108,32.794,96.702,0.66409,-0.02472,0.38409,0.64087
F3:89:79:49:6C:B3,1748784601.5140896,-5.114,4.099,6.9,32.086,32.739,96.724,0.66409,-0.02472,0.38409,0.64087
C3:16:82:EF:1B:48,1748784601.515093,-4.966,4.611,6.938,38.221,34.442,18.594,0.90216,0.26495,0.33258,0.07211
C3:16:82:EF:1B:48,1748784601.515093,-5.866,4.477,6.555,38.188,34.409,18.578,0.90216,0.26495,0.33258,0.07211
C3:16:82:EF:1B:48,1748784601.515093,-5.866,4.477,6.555,38.156,34.371,18.567,0.90216,0.26495,0.33258,0.07211
C3:16:82:EF:1B:48,1748784601.516085,-6.009,4.673,6.369,38.134,34.376,18.528,0.90216,0.26495,0.33258,0.07211
F3:89:79:49:6C:B3,1748784601.516085,-5.114,4.099,6.9,32.064,32.684,96.74,0.66409,-0.02472,0.38409,0.64087
F3:89:79:49:6C:B3,1748784601.517085,-4.841,4.334,7.441,32.042,32.657,96.751,0.66409,-0.02472,0.38409,0.64087
F3:89:79:49:6C:B3,1748784601.518088,-4.841,4.334,7.441,32.02,32.635,96.762,0.66409,-0.02472,0.38409,0.64087
F3:89:79:49:6C:B3,1748784601.5190868,-5.387,4.286,7.135,32.02,32.651,96.768,0.66409,-0.02472,0.38409,0.64087
C3:16:82:EF:1B:48,1748784601.5200863,-6.009,4.673,6.369,38.106,34.382,18.484,0.90216,0.26495,0.33258,0.07211
C3:16:82:EF:1B:48,1748784601.521087,-6.072,4.597,6.675,38.09,34.415,18.452,0.90216,0.26495,0.33258,0.07211
C3:16:82:EF:1B:48,1748784601.521087,-6.072,4.597,6.675,38.073,34.442,18.419,0.90216,0.26495,0.33258,0.07211
C3:16:82:EF:1B:48,1748784601.5220857,-6.402,4.793,6.637,38.029,34.486,18.397,0.90216,0.26495,0.33258,0.07211
F3:89:79:49:6C:B3,1748784601.5220857,-5.387,4.286,7.135,32.02,32.668,96.768,0.66409,-0.02472,0.38409,0.64087
F3:89:79:49:6C:B3,1748784601.5220857,-5.799,4.468,6.756,32.003,32.69,96.79,0.66409,-0.02472,0.38409,0.64087
F3:89:79:49:6C:B3,1748784601.523085,-5.799,4.468,6.756,31.992,32.717,96.812,0.66409,-0.02472,0.38409,0.64087
F3:89:79:49:6C:B3,1748784601.523085,-5.995,4.381,7.015,31.948,32.745,96.839,0.66409,-0.02472,0.38409,0.64087
C3:16:82:EF:1B:48,1748784601.5240853,-6.402,4.793,6.637,37.985,34.525,18.386,0.90216,0.26495,0.33258,0.07211
C3:16:82:EF:1B:48,1748784601.5240853,-6.541,4.439,6.244,37.93,34.552,18.353,0.90216,0.26495,0.33258,0.07211
C3:16:82:EF:1B:48,1748784601.5250852,-6.541,4.439,6.244,37.875,34.579,18.32,0.90216,0.26495,0.33258,0.07211
C3:16:82:EF:1B:48,1748784601.5250852,-6.388,4.482,6.182,37.848,34.579,18.281,0.90216,0.26495,0.33258,0.07211
F3:89:79:49:6C:B3,1748784601.5260851,-5.995,4.381,7.015,31.91,32.772,96.861,0.66409,-0.02472,0.38409,0.64087
F3:89:79:49:6C:B3,1748784601.5260851,-6.12,4.171,7.101,31.882,32.772,96.877,0.66409,-0.02472,0.38409,0.64087
F3:89:79:49:6C:B3,1748784601.5270863,-6.12,4.171,7.101,31.855,32.778,96.888,0.66409,-0.02472,0.38409,0.64087
F3:89:79:49:6C:B3,1748784601.5270863,-6.062,4.324,7.001,31.838,32.739,96.899,0.66409,-0.02472,0.38409,0.64087
C3:16:82:EF:1B:48,1748784601.5270863,-6.388,4.482,6.182,37.826,34.579,18.237,0.90216,0.26495,0.33258,0.07211
C3:16:82:EF:1B:48,1748784601.528085,-6.211,4.487,6.646,37.787,34.519,18.188,0.90216,0.26495,0.33258,0.07211
C3:16:82:EF:1B:48,1748784601.528085,-6.211,4.487,6.646,37.749,34.459,18.138,0.90216,0.26495,0.33258,0.07211
C3:16:82:EF:1B:48,1748784601.5290854,-6.785,4.305,6.383,37.678,34.415,18.062,0.90216,0.26495,0.33258,0.07211
F3:89:79:49:6C:B3,1748784601.5290854,-6.062,4.324,7.001,31.827,32.701,96.91,0.66409,-0.02472,0.38409,0.64087
F3:89:79:49:6C:B3,1748784601.5300846,-5.555,4.08,7.01,31.772,32.624,96.894,0.66409,-0.02472,0.38409,0.64087
F3:89:79:49:6C:B3,1748784601.5300846,-5.555,4.08,7.01,31.718,32.547,96.883,0.66409,-0.02472,0.38409,0.64087
F3:89:79:49:6C:B3,1748784601.5310848,-5.684,4.08,7.412,31.663,32.525,96.839,0.66409,-0.02472,0.38409,0.64087
C3:16:82:EF:1B:48,1748784601.5310848,-6.785,4.305,6.383,37.612,34.371,17.979,0.90216,0.26495,0.33258,0.07211
C3:16:82:EF:1B:48,1748784601.5320847,-6.57,4.334,5.818,37.584,34.376,17.875,0.90216,0.26495,0.33258,0.07211
C3:16:82:EF:1B:48,1748784601.5320847,-6.57,4.334,5.818,37.562,34.387,17.765,0.90216,0.26495,0.33258,0.07211
C3:16:82:EF:1B:48,1748784601.5330844,-5.698,4.343,6.627,37.59,34.387,17.682,0.90216,0.26495,0.33258,0.07211
F3:89:79:49:6C:B3,1748784601.5334973,-5.684,4.08,7.412,31.613,32.503,96.795,0.66409,-0.02472,0.38409,0.64087
F3:89:79:49:6C:B3,1748784601.5334973,-6.019,4.113,7.202,31.641,32.509,96.762,0.66409,-0.02472,0.38409,0.64087
F3:89:79:49:6C:B3,1748784601.5342057,-6.019,4.113,7.202,31.663,32.514,96.735,0.66409,-0.02472,0.38409,0.64087
F3:89:79:49:6C:B3,1748784601.534549,-5.784,4.18,6.584,31.668,32.454,96.724,0.66409,-0.02472,0.38409,0.64087
C3:16:82:EF:1B:48,1748784601.534549,-5.698,4.343,6.627,37.617,34.382,17.611,0.90216,0.26495,0.33258,0.07211
C3:16:82:EF:1B:48,1748784601.535552,-5.804,4.544,7.063,37.584,34.305,17.551,0.90216,0.26495,0.33258,0.07211
C3:16:82:EF:1B:48,1748784601.535552,-5.804,4.544,7.063,37.551,34.228,17.49,0.90216,0.26495,0.33258,0.07211
C3:16:82:EF:1B:48,1748784601.535552,-5.655,4.19,6.225,37.496,34.14,17.446,0.90216,0.26495,0.33258,0.07211
F3:89:79:49:6C:B3,1748784601.5365508,-5.784,4.18,6.584,31.679,32.393,96.718,0.66409,-0.02472,0.38409,0.64087
F3:89:79:49:6C:B3,1748784601.5365508,-5.416,4.037,6.694,31.619,32.305,96.713,0.66409,-0.02472,0.38409,0.64087
F3:89:79:49:6C:B3,1748784601.5365508,-5.416,4.037,6.694,31.564,32.212,96.713,0.66409,-0.02472,0.38409,0.64087
F3:89:79:49:6C:B3,1748784601.5375516,-5.44,3.797,7.163,31.531,32.108,96.724,0.66409,-0.02472,0.38409,0.64087
C3:16:82:EF:1B:48,1748784601.5375516,-5.655,4.19,6.225,37.436,34.058,17.402,0.90216,0.26495,0.33258,0.07211
C3:16:82:EF:1B:48,1748784601.5375516,-6.033,4.008,6.134,37.408,33.948,17.353,0.90216,0.26495,0.33258,0.07211
C3:16:82:EF:1B:48,1748784601.5385523,-6.033,4.008,6.134,37.381,33.843,17.303,0.90216,0.26495,0.33258,0.07211
C3:16:82:EF:1B:48,1748784601.5385523,-5.947,4.247,6.603,37.343,33.799,17.183,0.90216,0.26495,0.33258,0.07211
F3:89:79:49:6C:B3,1748784601.5385523,-5.44,3.797,7.163,31.498,31.998,96.729,0.66409,-0.02472,0.38409,0.64087
F3:89:79:49:6C:B3,1748784601.5395513,-4.142,3.768,7.264,31.465,31.904,96.696,0.66409,-0.02472,0.38409,0.64087
F3:89:79:49:6C:B3,1748784601.5395513,-4.142,3.768,7.264,31.432,31.811,96.658,0.66409,-0.02472,0.38409,0.64087
F3:89:79:49:6C:B3,1748784601.5395513,-3.845,3.773,7.551,31.388,31.8,96.548,0.66409,-0.02472,0.38409,0.64087
C3:16:82:EF:1B:48,1748784601.5405512,-5.947,4.247,6.603,37.299,33.755,17.067,0.90216,0.26495,0.33258,0.07211
C3:16:82:EF:1B:48,1748784601.5405512,-5.756,4.061,6.1,37.26,33.805,16.87,0.90216,0.26495,0.33258,0.07211
C3:16:82:EF:1B:48,1748784601.5405512,-5.756,4.061,6.1,37.227,33.849,16.672,0.90216,0.26495,0.33258,0.07211
C3:16:82:EF:1B:48,1748784601.5415506,-5.2,4.07,5.856,37.249,33.948,16.458,0.90216,0.26495,0.33258,0.07211
F3:89:79:49:6C:B3,1748784601.5415506,-3.845,3.773,7.551,31.339,31.783,96.432,0.66409,-0.02472,0.38409,0.64087
F3:89:79:49:6C:B3,1748784601.5415506,-4.305,3.682,7.537,31.328,31.833,96.262,0.66409,-0.02472,0.38409,0.64087
F3:89:79:49:6C:B3,1748784601.5425503,-4.305,3.682,7.537,31.317,31.877,96.086,0.66409,-0.02472,0.38409,0.64087
F3:89:79:49:6C:B3,1748784601.5425503,-4.831,4.099,7.058,31.366,31.954,95.938,0.66409,-0.02472,0.38409,0.64087
F3:89:79:49:6C:B3,1748784601.5435503,-4.831,4.099,7.058,31.421,32.031,95.79,0.66409,-0.02472,0.38409,0.64087
F3:89:79:49:6C:B3,1748784601.5435503,-4.827,4.286,6.23,31.454,32.069,95.713,0.66409,-0.02472,0.38409,0.64087
F3:89:79:49:6C:B3,1748784601.5435503,-4.827,4.286,6.23,31.492,32.108,95.636,0.66409,-0.02472,0.38409,0.64087
F3:89:79:49:6C:B3,1748784601.5445504,-5.215,4.233,6.642,31.503,32.113,95.641,0.66409,-0.02472,0.38409,0.64087
C3:16:82:EF:1B:48,1748784601.5445504,-5.2,4.07,5.856,37.266,34.047,16.249,0.90216,0.26495,0.33258,0.07211
C3:16:82:EF:1B:48,1748784601.5445504,-4.353,4.717,6.977,37.321,34.124,16.1,0.90216,0.26495,0.33258,0.07211
C3:16:82:EF:1B:48,1748784601.5455513,-4.353,4.717,6.977,37.37,34.2,15.952,0.90216,0.26495,0.33258,0.07211
C3:16:82:EF:1B:48,1748784601.5455513,-4.257,4.654,6.996,37.375,34.25,15.903,0.90216,0.26495,0.33258,0.07211
F3:89:79:49:6C:B3,1748784601.5668242,-5.215,4.233,6.642,31.514,32.119,95.652,0.66409,-0.02472,0.38409,0.64087
F3:89:79:49:6C:B3,1748784601.5668242,-5.028,4.338,6.455,31.569,32.069,95.702,0.66409,-0.02472,0.38409,0.64087
F3:89:79:49:6C:B3,1748784601.5678778,-5.028,4.338,6.455,31.619,32.025,95.751,0.66409,-0.02472,0.38409,0.64087
F3:89:79:49:6C:B3,1748784601.5678778,-4.128,4.405,6.191,31.663,31.965,95.773,0.66409,-0.02472,0.38409,0.64087
C3:16:82:EF:1B:48,1748784601.581019,-4.257,4.654,6.996,37.381,34.288,15.864,0.90216,0.26495,0.33258,0.07211
C3:16:82:EF:1B:48,1748784601.581019,-4.879,4.42,5.808,37.403,34.272,15.897,0.90216,0.26495,0.33258,0.07211
C3:16:82:EF:1B:48,1748784601.5820105,-4.879,4.42,5.808,37.419,34.255,15.93,0.90216,0.26495,0.33258,0.07211
C3:16:82:EF:1B:48,1748784601.5830164,-5.334,4.75,5.655,37.458,34.189,15.952,0.90216,0.26495,0.33258,0.07211
C3:16:82:EF:1B:48,1748784601.5840397,-5.334,4.75,5.655,37.496,34.124,15.98,0.90216,0.26495,0.33258,0.07211
C3:16:82:EF:1B:48,1748784601.5840397,-4.879,4.372,5.363,37.546,34.118,16.002,0.90216,0.26495,0.33258,0.07211
C3:16:82:EF:1B:48,1748784601.585183,-4.879,4.372,5.363,37.595,34.113,16.029,0.90216,0.26495,0.33258,0.07211
C3:16:82:EF:1B:48,1748784601.585183,-4.587,3.998,4.654,37.738,34.195,16.084,0.90216,0.26495,0.33258,0.07211
F3:89:79:49:6C:B3,1748784601.5965147,-4.128,4.405,6.191,31.701,31.904,95.795,0.66409,-0.02472,0.38409,0.64087
F3:89:79:49:6C:B3,1748784601.5971599,-3.797,3.788,6.622,31.8,31.932,95.845,0.66409,-0.02472,0.38409,0.64087
F3:89:79:49:6C:B3,1748784601.5971599,-3.797,3.788,6.622,31.893,31.959,95.9,0.66409,-0.02472,0.38409,0.64087
F3:89:79:49:6C:B3,1748784601.5981667,-3.084,3.768,5.727,32.08,32.058,95.966,0.66409,-0.02472,0.38409,0.64087
F3:89:79:49:6C:B3,1748784601.6268907,-3.084,3.768,5.727,32.267,32.146,96.031,0.66409,-0.02472,0.38409,0.64087
F3:89:79:49:6C:B3,1748784601.6278925,-2.26,3.309,3.764,32.481,32.234,96.114,0.66409,-0.02472,0.38409,0.64087
F3:89:79:49:6C:B3,1748784601.628891,-2.26,3.309,3.764,32.695,32.322,96.196,0.66409,-0.02472,0.38409,0.64087
F3:89:79:49:6C:B3,1748784601.6298914,0.91,1.47,1.954,33.107,32.322,96.559,0.66409,-0.02472,0.38409,0.64087
C3:16:82:EF:1B:48,1748784601.642089,-4.587,3.998,4.654,37.875,34.277,16.139,0.90216,0.26495,0.33258,0.07211
C3:16:82:EF:1B:48,1748784601.726893,-3.357,3.965,4.104,38.051,34.398,16.166,0.90216,0.26495,0.33258,0.07211
C3:16:82:EF:1B:48,1748784601.7278814,-3.357,3.965,4.104,38.227,34.508,16.199,0.90216,0.26495,0.33258,0.07211
C3:16:82:EF:1B:48,1748784601.7288933,2.365,2.658,2.131,38.491,34.568,16.386,0.90216,0.26495,0.33258,0.07211
C3:16:82:EF:1B:48,1748784601.729886,2.365,2.658,2.131,38.754,34.612,16.606,0.90216,0.26495,0.33258,0.07211
C3:16:82:EF:1B:48,1748784601.729886,7.446,1.178,-1.058,39.353,34.585,17.298,0.90216,0.26495,0.33258,0.07211
C3:16:82:EF:1B:48,1748784601.7308826,7.446,1.178,-1.058,39.974,34.525,18.04,0.90216,0.26495,0.33258,0.07211
C3:16:82:EF:1B:48,1748784601.7308826,9.448,1.829,-3.591,41.1,34.354,19.308,0.90216,0.26495,0.33258,0.07211
F3:89:79:49:6C:B3,1748784601.7318823,0.91,1.47,1.954,33.519,32.311,96.921,0.66409,-0.02472,0.38409,0.64087
F3:89:79:49:6C:B3,1748784601.7328823,3.285,0.891,0.809,34.338,32.261,97.74,0.66409,-0.02472,0.38409,0.64087
F3:89:79:49:6C:B3,1748784601.7328823,3.285,0.891,0.809,35.156,32.179,98.564,0.66409,-0.02472,0.38409,0.64087
F3:89:79:49:6C:B3,1748784601.7338908,3.989,2.777,-0.292,36.431,31.849,99.805,0.66409,-0.02472,0.38409,0.64087
C3:16:82:EF:1B:48,1748784601.734886,9.448,1.829,-3.591,42.275,34.113,20.616,0.90216,0.26495,0.33258,0.07211
C3:16:82:EF:1B:48,1748784601.734886,28.927,11.195,-6.795,43.984,33.365,22.39,0.90216,0.26495,0.33258,0.07211
C3:16:82:EF:1B:48,1748784601.7358887,115.707,44.781,-27.179,45.764,32.465,24.131,0.90216,0.26495,0.33258,0.07211
C3:16:82:EF:1B:48,1748784601.7358887,21.605,10.142,-2.456,47.895,30.861,26.516,0.90216,0.26495,0.33258,0.07211
F3:89:79:49:6C:B3,1748784601.7358887,3.989,2.777,-0.292,37.716,31.47,101.058,0.66409,-0.02472,0.38409,0.64087
F3:89:79:49:6C:B3,1748784601.7358887,5.037,5.861,-1.681,39.446,30.542,102.887,0.66409,-0.02472,0.38409,0.64087
F3:89:79:49:6C:B3,1748784601.7358887,5.037,5.861,-1.681,41.177,29.542,104.711,0.66409,-0.02472,0.38409,0.64087
F3:89:79:49:6C:B3,1748784601.7358887,7.436,7.867,-2.433,43.215,27.675,107.347,0.66409,-0.02472,0.38409,0.64087
F3:89:79:49:6C:B3,1748784601.7358887,7.436,7.867,-2.433,45.176,25.708,109.902,0.66409,-0.02472,0.38409,0.64087
F3:89:79:49:6C:B3,1748784601.7358887,24.143,21.682,-3.405,47.274,22.95,113.335,0.66409,-0.02472,0.38409,0.64087
F3:89:79:49:6C:B3,1748784601.7358887,96.582,86.728,-13.628,49.213,20.05,116.614,0.66409,-0.02472,0.38409,0.64087
F3:89:79:49:6C:B3,1748784601.7358887,12.881,15.486,0.019,51.196,16.441,120.35,0.66409,-0.02472,0.38409,0.64087
C3:16:82:EF:1B:48,1748784601.7613719,21.605,10.142,-2.456,49.922,29.196,28.795,0.90216,0.26495,0.33258,0.07211
C3:16:82:EF:1B:48,1748784601.7623713,26.489,15.773,-0.967,52.07,26.68,31.932,0.90216,0.26495,0.33258,0.07211
C3:16:82:EF:1B:48,1748784601.7623713,26.489,15.773,-0.967,54.025,24.088,34.898,0.90216,0.26495,0.33258,0.07211
C3:16:82:EF:1B:48,1748784601.7623713,24.828,24.086,-4.793,55.986,20.858,38.578,0.90216,0.26495,0.33258,0.07211
C3:16:82:EF:1B:48,1748784601.7922707,24.828,24.086,-4.793,57.695,17.545,42.067,0.90216,0.26495,0.33258,0.07211
C3:16:82:EF:1B:48,1748784601.7922707,27.447,32.164,-8.284,59.442,13.288,45.758,0.90216,0.26495,0.33258,0.07211
C3:16:82:EF:1B:48,1748784601.793223,27.447,32.164,-8.284,60.892,8.965,49.252,0.90216,0.26495,0.33258,0.07211
C3:16:82:EF:1B:48,1748784601.793223,30.976,39.533,-4.271,62.177,3.411,52.844,0.78589,0.44119,0.26221,0.34479
F3:89:79:49:6C:B3,1748784601.8063614,12.881,15.486,0.019,52.888,12.733,123.86,0.66409,-0.02472,0.38409,0.64087
F3:89:79:49:6C:B3,1748784601.8073654,12.833,16.793,0.072,54.575,7.789,127.469,0.46222,0.12061,0.43723,0.7619
F3:89:79:49:6C:B3,1748784601.808364,12.833,16.793,0.072,55.926,2.774,130.88,0.46222,0.12061,0.43723,0.7619
F3:89:79:49:6C:B3,1748784601.8093622,28.041,17.387,-1.298,56.937,-3.093,134.379,0.46222,0.12061,0.43723,0.7619
C3:16:82:EF:1B:48,1748784601.8216197,30.976,39.533,-4.271,63.1,-2.175,56.283,0.78589,0.44119,0.26221,0.34479
C3:16:82:EF:1B:48,1748784601.822264,30.368,46.213,-6.167,63.693,-7.998,59.897,0.78589,0.44119,0.26221,0.34479
C3:16:82:EF:1B:48,1748784601.8242633,30.368,46.213,-6.167,63.918,-13.81,63.479,0.78589,0.44119,0.26221,0.34479
C3:16:82:EF:1B:48,1748784601.8252664,33.299,51.562,-9.409,64.193,-19.55,67.094,0.78589,0.44119,0.26221,0.34479
F3:89:79:49:6C:B3,1748784601.8379204,28.041,17.387,-1.298,57.59,-9.003,137.791,0.46222,0.12061,0.43723,0.7619
F3:89:79:49:6C:B3,1748784601.8389196,34.936,21.811,2.342,58.09,-14.892,141.262,0.46222,0.12061,0.43723,0.7619
F3:89:79:49:6C:B3,1748784601.8399155,34.936,21.811,2.342,58.217,-20.775,144.783,0.46222,0.12061,0.43723,0.7619
F3:89:79:49:6C:B3,1748784601.8409145,36.44,24.799,3.026,58.359,-26.73,148.634,0.46222,0.12061,0.43723,0.7619
F3:89:79:49:6C:B3,1748784601.8680131,36.44,24.799,3.026,58.024,-32.657,152.693,0.46222,0.12061,0.43723,0.7619
F3:89:79:49:6C:B3,1748784601.9351275,42.253,34.342,2.399,56.926,-37.985,157.434,0.46222,0.12061,0.43723,0.7619
F3:89:79:49:6C:B3,1748784601.936125,42.253,34.342,2.399,55.151,-43.182,162.691,0.01047,0.36871,0.38599,0.84549
F3:89:79:49:6C:B3,1748784601.9371233,34.611,45.466,10.075,52.718,-46.725,168.552,0.01047,0.36871,0.38599,0.84549
C3:16:82:EF:1B:48,1748784601.938126,33.299,51.562,-9.409,64.078,-25.269,70.79,0.78589,0.44119,0.26221,0.34479
C3:16:82:EF:1B:48,1748784601.938126,30.914,56.173,-4.381,63.622,-30.778,74.938,0.78589,0.44119,0.26221,0.34479
C3:16:82:EF:1B:48,1748784601.9391317,30.914,56.173,-4.381,62.639,-36.205,79.371,0.78589,0.44119,0.26221,0.34479
C3:16:82:EF:1B:48,1748784601.9391317,17.617,63.173,-4.108,60.782,-40.347,84.485,0.78589,0.44119,0.26221,0.34479
C3:16:82:EF:1B:48,1748784601.9401343,17.617,63.173,-4.108,58.31,-44.313,90.038,0.78589,0.44119,0.26221,0.34479
C3:16:82:EF:1B:48,1748784601.9411387,11.684,65.055,-2.102,55.679,-47.065,95.746,0.78589,0.44119,0.26221,0.34479
C3:16:82:EF:1B:48,1748784601.9411387,11.684,65.055,-2.102,52.515,-49.614,101.849,0.78589,0.44119,0.26221,0.34479
C3:16:82:EF:1B:48,1748784601.9411387,13.738,60.616,6.67,48.263,-52.306,108.457,0.78589,0.44119,0.26221,0.34479
F3:89:79:49:6C:B3,1748784601.9411387,34.611,45.466,10.075,49.592,-50.026,175.045,0.01047,0.36871,0.38599,0.84549
F3:89:79:49:6C:B3,1748784601.9411387,14.427,48.516,7.264,46.198,-52.586,-178.121,0.01047,0.36871,0.38599,0.84549
F3:89:79:49:6C:B3,1748784601.9411387,14.427,48.516,7.264,42.144,-54.822,-170.629,0.01047,0.36871,0.38599,0.84549
F3:89:79:49:6C:B3,1748784601.9411387,5.617,36.488,-5.693,35.519,-57.305,-161.598,0.01047,0.36871,0.38599,0.84549
C3:16:82:EF:1B:48,1748784601.9411387,13.738,60.616,6.67,43.237,-54.662,115.724,0.78589,0.44119,0.26221,0.34479
C3:16:82:EF:1B:48,1748784601.9411387,5.636,51.566,-0.201,35.502,-56.92,124.547,0.78589,0.44119,0.26221,0.34479
C3:16:82:EF:1B:48,1748784601.9411387,5.636,51.566,-0.201,26.763,-58.453,134.308,0.78589,0.44119,0.26221,0.34479
C3:16:82:EF:1B:48,1748784601.9411387,-20.901,45.959,-11.147,19.572,-58.151,142.278,0.78589,0.44119,0.26221,0.34479
F3:89:79:49:6C:B3,1748784601.9561722,5.617,36.488,-5.693,27.878,-59.112,-151.523,0.01047,0.36871,0.38599,0.84549
F3:89:79:49:6C:B3,1748784601.9561722,19.312,33.461,5.382,19.083,-59.93,-141.053,0.01047,0.36871,0.38599,0.84549
F3:89:79:49:6C:B3,1748784601.9571748,19.312,33.461,5.382,10.08,-59.908,-130.353,0.01047,0.36871,0.38599,0.84549
F3:89:79:49:6C:B3,1748784601.9571748,15.103,34.615,14.7,5.971,-57.986,-124.206,0.01047,0.36871,0.38599,0.84549
C3:16:82:EF:1B:48,1748784602.0021513,-20.901,45.959,-11.147,12.629,-57.338,149.991,0.78589,0.44119,0.26221,0.34479
C3:16:82:EF:1B:48,1748784602.0031524,-32.465,34.721,-10.755,10.904,-55.25,152.963,0.78589,0.44119,0.26221,0.34479
C3:16:82:EF:1B:48,1748784602.004151,-32.465,34.721,-10.755,9.459,-53.13,155.682,0.78589,0.44119,0.26221,0.34479
C3:16:82:EF:1B:48,1748784602.005156,-20.006,28.615,3.457,10.047,-50.999,156.374,0.78589,0.44119,0.26221,0.34479
F3:89:79:49:6C:B3,1748784602.016153,-4.482,30.746,8.744,4.477,-55.613,-120.421,0.01047,0.36871,0.38599,0.84549
F3:89:79:49:6C:B3,1748784602.017471,-4.482,30.746,8.744,5.202,-52.938,-118.586,0.01047,0.36871,0.38599,0.84549
F3:89:79:49:6C:B3,1748784602.0187743,-15.371,25.024,-3.759,5.982,-50.345,-117.065,0.01047,0.36871,0.38599,0.84549
F3:89:79:49:6C:B3,1748784602.0197685,-15.371,25.024,-3.759,6.784,-47.829,-115.829,0.01047,0.36871,0.38599,0.84549
C3:16:82:EF:1B:48,1748784602.0310614,-20.006,28.615,3.457,10.657,-48.884,157.066,0.14484,0.42825,-0.00473,0.89191
C3:16:82:EF:1B:48,1748784602.0321176,-9.347,21.644,18.306,9.805,-47.494,158.121,0.14484,0.42825,-0.00473,0.89191
C3:16:82:EF:1B:48,1748784602.033633,-9.347,21.644,18.306,9.02,-46.088,159.109,0.14484,0.42825,-0.00473,0.89191
C3:16:82:EF:1B:48,1748784602.034465,-8.322,14.164,12.354,6.114,-45.923,160.829,0.14484,0.42825,-0.00473,0.89191
F3:89:79:49:6C:B3,1748784602.0463252,-17.047,15.615,-6.646,6.498,-45.934,-114.263,0.01047,0.36871,0.38599,0.84549
F3:89:79:49:6C:B3,1748784602.04733,-17.047,15.615,-6.646,5.164,-44.621,-112.423,0.01047,0.36871,0.38599,0.84549
F3:89:79:49:6C:B3,1748784602.0483215,-12.412,8.619,0.8,3.104,-43.764,-110.385,0.01047,0.36871,0.38599,0.84549
F3:89:79:49:6C:B3,1748784602.0483215,-12.412,8.619,0.8,0.28,-43.319,-108.116,0.01047,0.36871,0.38599,0.84549
F3:89:79:49:6C:B3,1748784602.0777214,-5.502,0.862,5.784,-2.461,-42.907,-105.897,0.01047,0.36871,0.38599,0.84549
F3:89:79:49:6C:B3,1748784602.1536055,-5.502,0.862,5.784,-5.153,-42.539,-103.705,0.01047,0.36871,0.38599,0.84549
F3:89:79:49:6C:B3,1748784602.1536055,0.0,-0.436,8.054,-7.196,-42.061,-101.975,0.01047,0.36871,0.38599,0.84549
F3:89:79:49:6C:B3,1748784602.1536055,0.0,-0.436,8.054,-8.608,-41.523,-100.695,0.01047,0.36871,0.38599,0.84549
C3:16:82:EF:1B:48,1748784602.1673532,-8.322,14.164,12.354,3.23,-45.692,162.515,0.14484,0.42825,-0.00473,0.89191
C3:16:82:EF:1B:48,1748784602.1683493,-9.256,6.766,1.01,-0.467,-45.994,164.619,0.14484,0.42825,-0.00473,0.89191
C3:16:82:EF:1B:48,1748784602.1683493,-9.256,6.766,1.01,-4.186,-46.192,166.74,0.14484,0.42825,-0.00473,0.89191
C3:16:82:EF:1B:48,1748784602.170354,-12.067,1.465,-3.06,-7.158,-46.362,168.442,0.14484,0.42825,-0.00473,0.89191
C3:16:82:EF:1B:48,1748784602.170354,-12.067,1.465,-3.06,-10.135,-46.467,170.156,0.14484,0.42825,-0.00473,0.89191
C3:16:82:EF:1B:48,1748784602.170354,-11.66,0.445,-2.107,-11.497,-46.555,170.673,0.14484,0.42825,-0.00473,0.89191
C3:16:82:EF:1B:48,1748784602.1724925,-11.66,0.445,-2.107,-12.854,-46.637,171.183,0.14484,0.42825,-0.00473,0.89191
C3:16:82:EF:1B:48,1748784602.1724925,-2.705,-1.01,3.395,-13.26,-46.747,170.991,0.14484,0.42825,-0.00473,0.89191
F3:89:79:49:6C:B3,1748784602.1724925,-0.048,-0.153,7.365,-9.322,-40.913,-99.976,0.01047,0.36871,0.38599,0.84549
F3:89:79:49:6C:B3,1748784602.1724925,-0.048,-0.153,7.365,-9.36,-40.237,-99.789,-0.57996,0.31366,0.16391,0.73367
F3:89:79:49:6C:B3,1748784602.1724925,-2.648,-1.753,4.439,-9.305,-39.595,-99.651,-0.57996,0.31366,0.16391,0.73367
F3:89:79:49:6C:B3,1748784602.1724925,-2.648,-1.753,4.439,-9.157,-38.974,-99.558,-0.57996,0.31366,0.16391,0.73367
C3:16:82:EF:1B:48,1748784602.1724925,-2.705,-1.01,3.395,-13.651,-46.862,170.788,0.14484,0.42825,-0.00473,0.89191
C3:16:82:EF:1B:48,1748784602.1724925,7.527,-1.298,9.079,-14.595,-47.0,171.107,0.14484,0.42825,-0.00473,0.89191
C3:16:82:EF:1B:48,1748784602.1724925,7.527,-1.298,9.079,-15.54,-47.12,171.409,0.14484,0.42825,-0.00473,0.89191
C3:16:82:EF:1B:48,1748784602.1724925,6.297,-0.292,8.241,-17.353,-47.197,172.392,0.14484,0.42825,-0.00473,0.89191
F3:89:79:49:6C:B3,1748784602.1724925,0.723,-2.787,3.012,-9.421,-38.436,-99.102,-0.57996,0.31366,0.16391,0.73367
F3:89:79:49:6C:B3,1748784602.1724925,0.723,-2.787,3.012,-10.08,-37.974,-98.289,-0.57996,0.31366,0.16391,0.73367
F3:89:79:49:6C:B3,1748784602.1724925,3.859,-2.193,5.526,-10.959,-37.518,-97.328,-0.57996,0.31366,0.16391,0.73367
F3:89:79:49:6C:B3,1748784602.183517,3.859,-2.193,5.526,-12.057,-37.062,-96.213,-0.57996,0.31366,0.16391,0.73367
C3:16:82:EF:1B:48,1748784602.1845462,6.297,-0.292,8.241,-19.166,-47.225,173.359,0.14484,0.42825,-0.00473,0.89191
C3:16:82:EF:1B:48,1748784602.1855414,-0.962,-1.111,4.415,-20.923,-47.219,174.161,0.14484,0.42825,-0.00473,0.89191
C3:16:82:EF:1B:48,1748784602.1865492,-0.962,-1.111,4.415,-22.67,-47.181,174.946,0.14484,0.42825,-0.00473,0.89191
C3:16:82:EF:1B:48,1748784602.1875436,-3.395,-3.783,2.083,-23.604,-47.197,175.012,0.14484,0.42825,-0.00473,0.89191
F3:89:79:49:6C:B3,1748784602.1960447,4.252,-3.62,6.905,-12.98,-36.568,-95.306,-0.57996,0.31366,0.16391,0.73367
F3:89:79:49:6C:B3,1748784602.197046,4.252,-3.62,6.905,-13.744,-36.046,-94.598,-0.57996,0.31366,0.16391,0.73367
F3:89:79:49:6C:B3,1748784602.1980503,3.338,-4.884,6.953,-14.183,-35.513,-94.191,-0.57996,0.31366,0.16391,0.73367
F3:89:79:49:6C:B3,1748784602.1990502,3.338,-4.884,6.953,-14.31,-34.98,-94.087,-0.57996,0.31366,0.16391,0.73367
C3:16:82:EF:1B:48,1748784602.2421262,-3.395,-3.783,2.083,-24.521,-47.208,175.062,0.14484,0.42825,-0.00473,0.89191
C3:16:82:EF:1B:48,1748784602.243189,-2.399,-4.338,3.572,-24.67,-47.411,174.534,0.14484,0.42825,-0.00473,0.89191
C3:16:82:EF:1B:48,1748784602.2451248,-2.399,-4.338,3.572,-24.752,-47.104,174.37,0.14484,0.42825,-0.00473,0.89191
C3:16:82:EF:1B:48,1748784602.246121,1.12,-4.262,6.139,-24.593,-46.467,174.446,0.14484,0.42825,-0.00473,0.89191
F3:89:79:49:6C:B3,1748784602.256983,1.867,-5.037,5.942,-14.271,-34.525,-94.153,-0.57996,0.31366,0.16391,0.73367
F3:89:79:49:6C:B3,1748784602.2579834,1.867,-5.037,5.942,-14.068,-34.135,-94.389,-0.57996,0.31366,0.16391,0.73367
F3:89:79:49:6C:B3,1748784602.258978,1.101,-4.587,5.315,-13.898,-33.827,-94.62,-0.57996,0.31366,0.16391,0.73367
F3:89:79:49:6C:B3,1748784602.2599823,1.101,-4.587,5.315,-13.766,-33.585,-94.845,-0.57996,0.31366,0.16391,0.73367
C3:16:82:EF:1B:48,1748784602.2713735,1.12,-4.262,6.139,-24.456,-45.862,174.54,0.12741,0.37552,-0.21411,0.89264
C3:16:82:EF:1B:48,1748784602.2724307,2.365,-3.079,6.086,-24.45,-45.406,174.803,0.12741,0.37552,-0.21411,0.89264
C3:16:82:EF:1B:48,1748784602.2743707,2.365,-3.079,6.086,-24.456,-44.984,175.078,0.12741,0.37552,-0.21411,0.89264
C3:16:82:EF:1B:48,1748784602.2743707,2.49,-1.896,6.584,-24.582,-44.703,175.518,0.12741,0.37552,-0.21411,0.89264
F3:89:79:49:6C:B3,1748784602.2870371,1.542,-3.165,5.66,-13.705,-33.409,-95.01,-0.57996,0.31366,0.16391,0.73367
F3:89:79:49:6C:B3,1748784602.3729484,1.542,-3.165,5.66,-13.711,-33.3,-95.114,-0.57996,0.31366,0.16391,0.73367
F3:89:79:49:6C:B3,1748784602.3739476,2.088,-2.744,6.086,-13.771,-33.267,-95.158,-0.57996,0.31366,0.16391,0.73367
F3:89:79:49:6C:B3,1748784602.3739476,2.088,-2.744,6.086,-13.892,-33.3,-95.147,-0.57996,0.31366,0.16391,0.73367
C3:16:82:EF:1B:48,1748784602.3759432,2.49,-1.896,6.584,-24.708,-44.451,175.963,0.12741,0.37552,-0.21411,0.89264
C3:16:82:EF:1B:48,1748784602.3759432,3.96,-1.877,7.192,-25.005,-44.346,176.594,0.12741,0.37552,-0.21411,0.89264
C3:16:82:EF:1B:48,1748784602.376943,3.96,-1.877,7.192,-25.296,-44.275,177.215,0.12741,0.37552,-0.21411,0.89264
C3:16:82:EF:1B:48,1748784602.377945,5.693,-2.016,7.58,-25.664,-44.264,177.907,0.12741,0.37552,-0.21411,0.89264
F3:89:79:49:6C:B3,1748784602.3789454,4.233,-3.036,6.498,-14.079,-33.409,-95.076,-0.57996,0.31366,0.16391,0.73367
F3:89:79:49:6C:B3,1748784602.3799489,4.233,-3.036,6.498,-14.337,-33.591,-94.955,-0.57996,0.31366,0.16391,0.73367
F3:89:79:49:6C:B3,1748784602.3799489,7.087,-3.606,7.168,-14.606,-33.777,-94.828,-0.6152,0.29324,0.10556,0.72406
F3:89:79:49:6C:B3,1748784602.38095,7.087,-3.606,7.168,-14.875,-33.981,-94.708,-0.6152,0.29324,0.10556,0.72406
C3:16:82:EF:1B:48,1748784602.381947,5.693,-2.016,7.58,-26.027,-44.28,178.583,0.12741,0.37552,-0.21411,0.89264
C3:16:82:EF:1B:48,1748784602.3829453,5.818,-2.274,6.986,-26.219,-44.28,179.083,0.12741,0.37552,-0.21411,0.89264
C3:16:82:EF:1B:48,1748784602.3839424,5.818,-2.274,6.986,-26.406,-44.291,179.566,0.12741,0.37552,-0.21411,0.89264
C3:16:82:EF:1B:48,1748784602.384942,5.669,-2.207,6.776,-26.257,-44.264,179.725,0.12741,0.37552,-0.21411,0.89264
F3:89:79:49:6C:B3,1748784602.3859115,8.164,-3.721,7.877,-15.057,-34.14,-94.686,-0.6152,0.29324,0.10556,0.72406
F3:89:79:49:6C:B3,1748784602.3859115,8.164,-3.721,7.877,-15.145,-34.255,-94.763,-0.6152,0.29324,0.10556,0.72406
F3:89:79:49:6C:B3,1748784602.3859115,7.192,-3.73,7.848,-15.117,-34.327,-94.944,-0.6152,0.29324,0.10556,0.72406
F3:89:79:49:6C:B3,1748784602.3859115,7.192,-3.73,7.848,-14.974,-34.343,-95.224,-0.6152,0.29324,0.10556,0.72406
C3:16:82:EF:1B:48,1748784602.3859115,5.669,-2.207,6.776,-26.109,-44.247,179.868,0.12741,0.37552,-0.21411,0.89264
C3:16:82:EF:1B:48,1748784602.3859115,7.168,-2.519,7.436,-25.779,-44.182,179.857,0.12741,0.37552,-0.21411,0.89264
C3:16:82:EF:1B:48,1748784602.3859115,7.168,-2.519,7.436,-25.45,-44.132,179.83,0.12741,0.37552,-0.21411,0.89264
C3:16:82:EF:1B:48,1748784602.3859115,7.053,-1.992,7.714,-25.12,-44.017,179.835,0.12741,0.37552,-0.21411,0.89264
F3:89:79:49:6C:B3,1748784602.4032068,6.349,-3.864,7.479,-14.804,-34.327,-95.504,-0.6152,0.29324,0.10556,0.72406
F3:89:79:49:6C:B3,1748784602.4032068,6.349,-3.864,7.479,-14.612,-34.283,-95.784,-0.6152,0.29324,0.10556,0.72406
F3:89:79:49:6C:B3,1748784602.4032068,6.043,-3.079,7.513,-14.436,-34.222,-96.031,-0.6152,0.29324,0.10556,0.72406
F3:89:79:49:6C:B3,1748784602.4032068,6.043,-3.079,7.513,-14.266,-34.156,-96.246,-0.6152,0.29324,0.10556,0.72406
C3:16:82:EF:1B:48,1748784602.4208,7.053,-1.992,7.714,-24.785,-43.918,179.835,0.12741,0.37552,-0.21411,0.89264
C3:16:82:EF:1B:48,1748784602.4208,6.139,-1.221,8.514,-24.483,-43.808,179.868,0.12741,0.37552,-0.21411,0.89264
C3:16:82:EF:1B:48,1748784602.4208,6.139,-1.221,8.514,-24.181,-43.704,179.896,0.12741,0.37552,-0.21411,0.89264
C3:16:82:EF:1B:48,1748784602.4208,6.043,-0.675,8.633,-23.967,-43.599,179.978,0.12741,0.37552,-0.21411,0.89264
F3:89:79:49:6C:B3,1748784602.4356627,5.77,-2.308,7.398,-14.112,-34.091,-96.449,-0.6152,0.29324,0.10556,0.72406
F3:89:79:49:6C:B3,1748784602.4356627,5.77,-2.308,7.398,-13.98,-34.03,-96.636,-0.6152,0.29324,0.10556,0.72406
F3:89:79:49:6C:B3,1748784602.4356627,5.009,-2.088,7.149,-13.903,-33.981,-96.79,-0.6152,0.29324,0.10556,0.72406
F3:89:79:49:6C:B3,1748784602.4356627,5.009,-2.088,7.149,-13.876,-33.942,-96.905,-0.6152,0.29324,0.10556,0.72406
